"seed","score","twos","wee_a1_cheap","chad_a1","chad_a2","chad_a3","hack_a1","hack_a2","hack_a3","copy_jokers_a1","copy_jokers_a2","copy_jokers_a3","copy_jokers_a4","copy_jokers_a5","drinks_a1","drinks_a2","drinks_a3","drinks_a4","drinks_a1thru8"
2E5WRG1,59,17,1,0,0,0,0,0,0,1,0,1,0,0,0,0,0,0,0
BOXYPQX,63,17,1,0,0,0,0,0,1,0,0,0,0,1,0,0,0,0,1
EHY23KP,53,18,1,0,0,1,0,0,0,0,0,0,0,0,0,0,0,1,1
RH3VMW4,51,17,1,0,0,0,0,0,0,0,0,0,0,0,0,0,2,0,2
61BBPGH,49,17,1,0,0,0,0,0,0,1,0,0,0,0,0,0,0,0,0
5J9XLA4,48,17,1,0,0,0,0,0,0,0,0,0,0,0,0,1,0,0,2
DJR19X9,52,17,1,0,0,0,0,0,0,0,0,1,0,0,0,0,0,0,1
A2R2EVX,50,18,1,0,0,0,0,0,0,0,1,0,0,0,0,0,0,0,0
EWJCJXV,48,17,1,0,0,0,0,0,0,0,0,0,0,0,0,0,0,1,2
HRF45T5,55,17,1,0,0,0,0,0,0,0,0,1,0,0,0,1,0,0,1
E565765,66,17,1,1,0,1,0,0,0,0,1,0,0,0,0,0,0,0,0
KT1JV8C,70,17,1,0,0,0,0,1,0,0,1,0,0,1,0,0,0,0,0
JFNOVDC,49,17,1,0,1,0,0,0,0,0,0,0,0,0,0,0,0,0,1
LR5UDAG,50,17,1,0,0,0,1,0,0,0,0,0,0,0,0,0,0,0,0
OQPMRSW,55,17,1,1,0,0,0,0,0,0,0,0,0,0,0,0,1,0,1
PN1BNPQ,49,17,1,0,0,0,0,0,0,0,0,0,0,1,0,0,0,0,0
R2HS3A3,49,17,1,0,1,0,0,0,0,0,0,0,0,0,0,0,0,0,1
V61MTAZ,59,17,1,1,0,1,0,0,0,0,0,0,0,0,0,0,0,0,1
VJZTJZK,49,17,1,0,0,0,0,0,0,0,0,0,0,1,0,0,0,0,0
VRL5XTS,52,17,1,0,0,1,0,0,0,0,0,0,0,0,1,0,0,0,1
XN2YUY2,49,17,1,1,0,0,0,0,0,0,0,0,0,0,0,0,0,0,0
YZU94NN,71,17,1,0,1,0,1,0,1,0,0,0,0,0,0,0,0,0,1
ZHCL8QK,49,17,1,0,0,0,0,0,0,0,0,0,0,1,0,0,0,0,0
ZZWSJHD,49,17,1,1,0,0,0,0,0,0,0,0,0,0,0,0,0,0,0
16J3UO7Z,56,18,1,0,0,0,0,0,0,0,0,1,0,0,0,0,0,0,2
16BT7D3B,49,17,1,1,0,0,0,0,0,0,0,0,0,0,0,0,0,0,0
18M17VIK,52,19,1,0,0,0,0,1,0,0,0,0,0,0,0,0,0,0,0
195PVKPH,59,17,1,0,1,0,0,0,0,0,0,0,1,0,0,0,0,0,1
19G5K6Z4,60,18,1,1,0,0,0,0,0,0,1,0,0,0,0,0,0,0,0
19PRYTCO,49,17,1,0,0,0,0,0,0,1,0,0,0,0,0,0,0,0,0
1BAA57BN,55,17,1,0,0,1,0,0,0,0,0,0,0,0,0,0,0,1,2
1D1APBBO,50,17,1,0,0,0,0,0,1,0,0,0,0,0,0,0,0,0,0
1D4Y3MY8,48,17,1,0,0,0,0,0,0,0,0,0,0,0,0,1,0,0,2
1DNGANLK,51,17,1,0,0,0,0,0,0,0,0,0,0,0,0,1,0,0,3
1DRKUKP9,49,17,1,0,0,0,0,0,0,0,0,1,0,0,0,0,0,0,0
1EDU813J,48,17,1,0,0,0,0,0,0,0,0,0,0,0,0,1,0,0,2
1FD9WSE6,55,17,1,0,0,0,0,0,0,0,0,0,1,0,0,0,0,1,1
1FK7CTXY,49,17,1,0,0,1,0,0,0,0,0,0,0,0,0,0,0,0,1
1G5KGWC6,49,17,1,0,0,0,0,0,0,0,1,0,0,0,0,0,0,0,0
1HITUD2V,52,17,1,0,0,0,0,0,0,0,0,0,0,1,0,0,0,0,1
1HK41UDO,54,17,1,0,0,0,0,0,0,0,0,0,0,0,1,0,0,0,4
1HUT621I,50,18,1,1,0,0,0,0,0,0,0,0,0,0,0,0,0,0,0
1I56WOL9,50,17,1,0,0,0,0,1,0,0,0,0,0,0,0,0,0,0,0
1JYN6BML,49,17,1,0,0,0,0,0,0,0,0,1,0,0,0,0,0,0,0
1KA3J66A,53,17,1,0,0,0,1,0,0,0,0,0,0,0,0,0,0,0,1
1LWQGLLW,55,17,1,1,0,0,0,0,0,0,0,0,0,0,0,1,0,0,1
1MMJH8AD,58,17,1,0,1,0,0,0,0,0,0,0,0,0,0,0,0,1,3
1OAQKGVL,49,17,1,0,1,0,0,0,0,0,0,0,0,0,0,0,0,0,1
1OD8OIZ2,59,17,1,1,0,0,0,0,0,0,0,0,0,1,0,0,0,0,0
1QP4OQO4,58,17,1,0,0,0,0,0,0,0,0,0,0,1,0,0,1,0,2
1QZ9BIZJ,50,17,1,0,0,0,0,0,1,0,0,0,0,0,0,0,0,0,0
1TFLCMVJ,53,18,1,0,0,0,0,0,0,0,0,0,0,1,0,0,0,0,1
1YZG1SR2,55,17,1,1,0,0,0,0,0,0,0,0,0,0,0,0,1,0,1
1ZQMIFVO,59,17,1,0,1,0,0,0,0,0,1,0,0,0,0,0,0,0,1
2335JFF2,49,17,1,0,0,0,0,0,0,0,0,0,0,1,0,0,0,0,0
24YU82GC,49,17,1,0,0,0,0,0,0,0,0,0,1,0,0,0,0,0,0
27BS8E2G,52,17,1,0,0,0,0,0,0,0,0,0,0,1,0,0,0,0,1
27XTC2VQ,61,17,1,0,0,0,0,0,0,0,0,0,0,1,0,0,1,1,2
2AJKUQIV,59,17,1,0,0,1,0,0,0,0,0,0,0,1,0,0,0,0,1
2BA42NJZ,52,17,1,0,0,0,0,0,0,0,0,0,0,1,0,0,0,0,1
2E5GE3AQ,50,17,1,0,0,0,1,0,0,0,0,0,0,0,0,0,0,0,0
2FSY8S6Y,48,19,1,0,0,1,0,0,0,0,0,0,0,0,0,0,0,0,0
2K867WKR,49,17,1,1,0,0,0,0,0,0,0,0,0,0,0,0,0,0,0
2KCIHGFA,58,17,1,0,1,0,0,0,0,0,0,0,0,0,0,0,2,0,2
2LGLDGXS,61,18,1,0,0,1,0,1,0,0,0,0,0,0,0,0,0,0,1
2LUDBIOW,59,18,1,0,0,1,0,0,0,0,0,0,0,0,0,0,0,2,2
2LT33YD8,51,17,1,0,0,0,0,0,0,0,0,0,0,0,1,0,1,0,2
2M895NTZ,51,17,1,0,0,0,0,0,0,0,0,0,0,0,1,0,1,0,2
2MX6KQPQ,49,17,1,0,0,0,0,0,0,0,1,0,0,0,0,0,0,0,0
2NUKWU5N,50,18,1,0,0,0,0,0,0,1,0,0,0,0,0,0,0,0,0
2P7VF422,52,17,1,0,1,0,0,0,0,0,0,0,0,0,0,0,0,1,1
2PLMKOAS,50,17,1,0,0,0,0,1,0,0,0,0,0,0,0,0,0,0,0
2QQGRF8B,78,17,1,1,0,0,0,0,0,0,1,0,0,1,0,0,0,1,2
2RZ9C8TR,66,17,1,0,0,1,0,0,0,0,0,0,1,1,0,0,0,0,0
2UBQWY71,52,17,1,0,0,1,0,0,0,0,0,0,0,0,0,0,0,1,1
2X7FW3WI,53,18,1,0,0,1,0,0,0,0,0,0,0,0,0,0,1,0,1
2YRKEUX4,52,17,1,0,0,0,0,0,0,0,1,0,0,0,0,0,0,0,1
2ZCRJ8SM,51,18,1,0,0,0,0,0,1,0,0,0,0,0,0,0,0,0,0
2ZLQEVKH,49,17,1,0,1,0,0,0,0,0,0,0,0,0,0,0,0,0,1
31LYGE8O,56,17,1,0,2,0,0,0,0,0,0,0,0,0,0,0,0,0,1
32G98CLQ,56,18,1,0,0,0,0,0,0,1,0,0,0,0,0,1,0,0,1
3BVZX7VY,53,18,1,0,1,0,0,0,0,0,0,0,0,0,1,0,0,0,1
3441ERZV,50,17,1,0,0,0,1,0,0,0,0,0,0,0,0,0,0,0,0
34KSGCPL,55,17,1,0,0,1,0,0,0,0,0,0,0,0,0,0,1,0,2
34ZI1W2R,52,17,1,0,1,0,0,0,0,0,0,0,0,0,0,0,1,0,1
35L5D9CO,48,17,1,0,0,0,0,0,0,0,0,0,0,0,1,0,0,0,2
36XVJ9UH,52,17,1,0,0,1,0,0,0,0,0,0,0,0,0,1,0,0,1
3755WD7Z,52,17,1,0,1,0,0,0,0,0,0,0,0,0,0,0,0,0,2
37TMWHX1,55,19,1,0,2,0,0,0,0,0,0,0,0,0,0,0,0,0,0
37XTZ8KF,48,17,1,0,0,0,0,0,0,0,0,0,0,0,0,0,0,1,2
38YEQYHG,49,17,1,0,0,0,0,0,0,1,0,0,0,0,0,0,0,0,0
39H4KU7Z,48,17,1,0,0,0,0,0,0,0,0,0,0,0,0,1,0,0,2
3ABZYL8V,50,18,1,0,0,0,0,0,0,0,0,0,0,1,0,0,0,0,0
3BM2ZGNQ,54,17,1,0,0,0,0,0,0,0,0,0,0,0,0,1,0,0,4
33FJ9AMH,56,17,1,0,0,0,0,1,0,0,0,0,0,0,1,0,0,0,1
3DDWZ82K,56,17,1,0,0,1,0,0,0,0,0,0,1,0,0,0,0,0,0
3UGRMYNZ,56,17,1,0,1,0,0,0,0,0,0,0,0,1,0,0,0,0,0
3EM88M5S,49,17,1,0,0,1,0,0,0,0,0,0,0,0,0,0,0,0,1
3G8MLT27,50,18,1,0,1,0,0,0,0,0,0,0,0,0,0,0,0,0,1
3IQYNFGK,56,17,1,0,1,0,0,0,0,1,0,0,0,0,0,0,0,0,0
3JXLL8M2,49,17,1,0,0,0,0,0,0,0,1,0,0,0,0,0,0,0,0
3K22W1F5,49,17,1,0,1,0,0,0,0,0,0,0,0,0,0,0,0,0,1
3KQ7TWPP,51,17,1,0,0,0,0,0,0,0,0,0,0,0,1,0,0,1,2
3LAQPVL9,51,17,1,0,0,0,0,0,0,0,0,0,0,0,0,0,1,0,3
3PCFAEEI,55,17,1,0,0,0,0,0,0,0,0,1,0,0,0,0,0,1,1
3QMPAD8R,59,17,1,0,0,0,0,0,0,1,0,0,1,0,0,0,0,0,0
3T8M5DVA,59,17,1,1,0,0,0,0,0,0,0,0,1,0,0,0,0,0,0
3ELS12NC,61,18,1,0,0,0,0,1,0,0,0,1,0,0,0,0,0,0,0
3UOHUE7I,56,17,1,0,0,1,0,0,0,0,0,0,1,0,0,0,0,0,0
3UTJKLVE,52,17,1,0,0,0,0,0,0,0,0,0,0,1,0,0,0,0,1
3X2DB9KL,49,17,1,0,0,0,0,0,0,0,0,1,0,0,0,0,0,0,0
3Y7DWA76,59,18,1,0,0,0,0,0,0,0,0,1,0,0,0,0,0,1,2
3YGXZI53,57,18,1,0,1,0,0,0,0,0,0,1,0,0,0,0,0,0,0
41VY2NUE,49,17,1,1,0,0,0,0,0,0,0,0,0,0,0,0,0,0,0
4361N5ZU,54,18,1,0,0,0,0,1,0,0,0,0,0,0,0,0,0,0,1
46C5UX9H,60,18,1,0,0,0,0,0,0,0,1,0,0,1,0,0,0,0,0
47CKNVMS,50,17,1,0,0,0,0,1,0,0,0,0,0,0,0,0,0,0,0
48PR4P42,52,18,1,0,0,0,0,0,0,0,0,0,0,0,0,0,1,0,3
48W3FKKN,49,17,1,1,0,0,0,0,0,0,0,0,0,0,0,0,0,0,0
499P4WSU,55,18,1,0,0,0,0,0,0,0,0,0,0,0,0,1,0,0,4
49FSCKUC,52,17,0,0,0,0,1,1,0,0,0,1,0,0,0,0,0,0,1
4AL7QMLK,50,17,1,0,0,0,0,0,1,0,0,0,0,0,0,0,0,0,0
4FBA6GVE,62,17,1,1,0,0,0,0,0,0,1,0,0,0,0,0,0,0,1
4FQ9ZUIV,59,17,1,0,0,0,0,0,1,0,0,0,0,0,0,0,1,0,2
4H3H6XPD,56,17,1,0,0,1,0,0,0,1,0,0,0,0,0,0,0,0,0
4HLPVHYW,50,17,1,0,0,0,1,0,0,0,0,0,0,0,0,0,0,0,0
4JFEGOX1,52,17,1,1,0,0,0,0,0,0,0,0,0,0,0,0,0,0,1
4JUGHW9D,49,17,1,0,0,0,0,0,0,0,0,0,1,0,0,0,0,0,0
4KAT54RU,48,17,1,0,0,0,0,0,0,0,0,0,0,0,0,0,0,1,2
4LJT2P4Y,49,17,1,0,0,0,0,0,0,0,1,0,0,0,0,0,0,0,0
51AFN92G,49,17,1,1,0,0,0,0,0,0,0,0,0,0,0,0,0,0,0
4LO3TVS1,55,17,1,0,0,0,0,0,0,0,0,0,0,1,0,1,0,0,1
4OTRGQMI,55,17,1,0,0,0,0,0,0,0,1,0,0,0,0,0,0,1,1
4PF96FYI,53,18,1,0,0,0,0,0,0,1,0,0,0,0,0,0,0,0,1
4POFUBNJ,49,17,1,0,0,1,0,0,0,0,0,0,0,0,0,0,0,0,1
4QH5KKIR,49,17,1,0,0,0,0,0,0,0,1,0,0,0,0,0,0,0,0
4TL7WUNZ,55,17,1,0,0,0,0,0,0,0,0,0,0,1,0,0,0,0,2
5AV3DO36,57,17,1,0,0,1,1,0,0,0,0,0,0,0,0,0,0,0,0
4UVIVS29,51,17,1,0,0,0,0,0,0,0,0,0,0,0,0,0,1,0,3
4VCWIRRI,49,17,1,0,0,1,0,0,0,0,0,0,0,0,0,0,0,0,1
4WIXEWAP,56,17,1,0,0,0,0,0,1,0,0,0,0,0,0,0,0,0,2
4XWS9QEO,52,17,1,0,0,0,0,0,0,0,0,1,0,0,0,0,0,0,1
51NEHQX4,49,17,1,0,0,0,0,0,0,0,1,0,0,0,0,0,0,0,0
52KJUEZ7,49,17,1,0,0,0,0,0,0,0,0,0,0,1,0,0,0,0,0
53MZTYNH,67,17,1,1,1,0,0,0,1,0,0,0,0,0,0,0,0,0,0
54DWUQYG,52,17,1,1,0,0,0,0,0,0,0,0,0,0,0,0,0,0,1
58RBD5W6,52,17,1,0,0,0,0,0,0,0,0,0,0,1,0,0,0,0,1
59GFSH19,49,17,1,0,0,1,0,0,0,0,0,0,0,0,0,0,0,0,1
5AM8TOZY,57,19,1,0,0,0,0,0,0,0,0,0,0,1,0,0,0,1,1
5CUE9UYP,52,17,1,0,0,0,0,0,0,0,0,0,1,0,0,0,0,0,1
5D437HN3,50,17,1,0,0,0,0,1,0,0,0,0,0,0,0,0,0,0,0
5D8YKZZ4,59,17,1,0,1,0,0,0,0,0,0,0,0,1,0,0,0,0,1
5DGN878W,49,17,1,0,0,0,0,0,0,0,1,0,0,0,0,0,0,0,0
5DI1911V,49,17,1,0,0,0,0,0,0,0,0,0,0,1,0,0,0,0,0
5DO6DY1B,49,17,1,0,0,0,0,0,0,0,0,0,1,0,0,0,0,0,0
5EBYOBEX,59,17,1,0,0,0,0,0,0,0,2,0,0,0,0,0,0,0,0
5EGM4285,48,17,1,0,0,0,0,0,0,0,0,0,0,0,0,0,0,1,2
5GNHURT7,49,17,1,0,0,0,0,0,0,0,0,0,0,1,0,0,0,0,0
5IQ4ALIX,55,17,1,0,0,0,0,0,0,0,0,0,1,0,0,0,0,0,2
5INSPT9B,53,18,1,0,0,0,0,0,0,0,1,0,0,0,0,0,0,0,1
5J3IP881,49,17,1,0,1,0,0,0,0,0,0,0,0,0,0,0,0,0,1
5K3TLXLR,60,17,1,0,0,0,0,1,0,0,0,1,0,0,0,0,0,0,0
5KG69CTS,49,17,1,1,0,0,0,0,0,0,0,0,0,0,0,0,0,0,0
5KKKAARX,56,17,1,1,0,1,0,0,0,0,0,0,0,0,0,0,0,0,0
5KO8PSXE,55,17,1,0,0,0,0,0,0,0,0,1,0,0,0,1,0,0,1
62RJY5XQ,69,17,1,0,0,1,0,1,0,0,0,0,0,0,0,1,1,0,2
5LJP1SHP,57,18,1,0,0,1,0,0,0,0,0,0,0,1,0,0,0,0,0
5LXXSELU,69,17,1,1,0,0,0,1,0,0,0,0,0,0,0,1,0,0,2
5LZV4DEV,58,17,1,0,0,0,0,0,0,0,0,1,0,0,0,0,1,0,2
5MSBHFD3,56,17,1,0,0,0,0,1,0,0,0,0,0,0,0,0,0,1,1
5R5ERURI,49,17,1,0,0,0,0,0,0,0,0,0,1,0,0,0,0,0,0
69ALA3JW,52,17,1,0,0,1,0,0,0,0,0,0,0,0,0,0,0,1,1
5UXQ3RSW,53,17,1,0,1,1,0,0,0,0,0,0,0,0,0,0,0,0,0
5XW8HKL4,65,17,1,1,0,0,0,0,0,0,0,0,1,0,0,0,0,1,1
5Y1OS2R7,50,17,1,0,0,0,0,0,1,0,0,0,0,0,0,0,0,0,0
619K858N,59,17,1,0,1,0,0,0,0,1,0,0,0,0,0,0,0,0,1
618FB3FZ,48,17,1,0,0,0,0,0,0,0,0,0,0,0,0,0,0,1,2
62DKGRKU,56,17,1,0,0,0,0,1,0,0,0,0,0,0,0,1,0,0,1
5L1YZLWV,57,17,1,0,0,1,0,1,0,0,0,0,0,0,0,0,0,0,0
62XREFPG,49,17,1,0,0,0,0,0,0,0,0,1,0,0,0,0,0,0,0
63XGNGOV,49,17,1,0,0,0,0,0,0,0,0,0,0,1,0,0,0,0,0
66MT8YWO,55,17,1,0,0,1,0,0,0,0,0,0,0,0,0,0,1,0,2
685JTPHJ,49,17,1,0,1,0,0,0,0,0,0,0,0,0,0,0,0,0,1
6B966PJV,49,17,1,0,1,0,0,0,0,0,0,0,0,0,0,0,0,0,1
6DMM3F5K,61,19,1,0,0,0,0,1,0,0,0,0,0,0,0,0,1,0,2
6DZUMONG,49,17,1,0,0,0,0,0,0,0,1,0,0,0,0,0,0,0,0
6GM2396Q,52,17,1,0,0,0,0,0,0,0,0,1,0,0,0,0,0,0,1
6JZMASZ3,52,17,1,0,0,1,0,0,0,0,0,0,0,0,1,0,0,0,1
6K4O9Z35,57,19,1,0,0,0,0,0,0,1,0,0,0,0,0,0,0,1,1
6K9HT78H,53,17,1,0,0,0,0,0,1,0,0,0,0,0,0,0,0,0,1
6KXIMOIE,50,17,1,0,0,0,0,0,1,0,0,0,0,0,0,0,0,0,0
6X7SGCSR,56,17,1,0,0,0,1,0,0,0,0,0,0,0,1,0,0,0,1
6MECCUFY,51,18,1,0,0,0,0,0,1,0,0,0,0,0,0,0,0,0,0
6ME6X4GN,48,17,1,0,0,0,0,0,0,0,0,0,0,0,0,0,0,1,2
6OGSQRGG,49,17,1,1,0,0,0,0,0,0,0,0,0,0,0,0,0,0,0
6QAMHLMM,53,17,1,0,0,0,0,1,0,0,0,0,0,0,0,0,0,0,1
6QL6FNVQ,49,17,1,1,0,0,0,0,0,0,0,0,0,0,0,0,0,0,0
6R2UVT5X,51,17,1,0,0,0,0,0,0,0,0,0,0,0,0,0,1,1,2
6SJMUQQU,50,17,1,0,0,0,0,1,0,0,0,0,0,0,0,0,0,0,0
6SOUVBMZ,72,17,2,0,0,0,1,0,0,0,0,0,0,0,0,0,0,0,0
6TJRT69W,49,17,1,1,0,0,0,0,0,0,0,0,0,0,0,0,0,0,0
7654116E,53,17,1,0,0,0,1,0,0,0,0,0,0,0,0,0,0,0,1
6UCOTRM2,50,18,1,0,1,0,0,0,0,0,0,0,0,0,0,0,0,0,1
6VFYD5FQ,49,17,1,0,0,0,0,0,0,0,0,0,0,1,0,0,0,0,0
712Z1GSU,48,17,1,0,0,0,0,0,0,0,0,0,0,0,0,0,0,1,2
711ZTDP7,56,17,1,0,0,0,1,0,0,0,0,0,0,0,0,1,0,0,1
71ZCB47B,52,17,1,0,0,0,0,0,0,0,0,0,0,1,0,0,0,0,1
72DFJ8T8,50,17,1,0,0,0,0,0,1,0,0,0,0,0,0,0,0,0,0
7354K29T,49,17,1,1,0,0,0,0,0,0,0,0,0,0,0,0,0,0,0
73AIJN9K,48,17,1,0,0,0,0,0,0,0,0,0,0,0,0,0,0,1,2
73EM873L,55,17,1,0,0,0,0,0,0,1,0,0,0,0,0,1,0,0,1
74GQEMQU,60,17,1,0,0,0,1,0,0,0,0,0,0,1,0,0,0,0,0
768RHIJY,49,17,1,0,1,0,0,0,0,0,0,0,0,0,0,0,0,0,1
6UJMSX2M,49,17,1,0,1,0,0,0,0,0,0,0,0,0,0,0,0,0,1
76EPZ4UU,52,17,1,0,0,1,0,0,0,0,0,0,0,0,0,0,0,1,1
77ADA8ZE,53,18,1,0,0,0,0,0,0,0,0,0,0,1,0,0,0,0,1
77L1CPDZ,49,17,1,0,0,0,0,0,0,0,0,0,1,0,0,0,0,0,0
79EOVMMS,55,17,1,1,0,0,0,0,0,0,0,0,0,0,0,0,1,0,1
79SYA3JV,50,17,0,0,0,0,0,0,0,0,2,0,0,1,0,0,0,0,1
7A5UGP2K,53,17,1,0,0,0,0,1,0,0,0,0,0,0,0,0,0,0,1
7BNJWFX2,50,18,1,0,0,1,0,0,0,0,0,0,0,0,0,0,0,0,1
7CTBO4E7,49,17,1,0,1,0,0,0,0,0,0,0,0,0,0,0,0,0,1
7D4O3AWK,53,17,1,0,0,0,0,0,1,0,0,0,0,0,0,0,0,0,1
7DTSMKID,60,17,1,1,0,0,0,1,0,0,0,0,0,0,0,0,0,0,0
7H9VDNDC,72,17,1,0,1,0,0,0,0,0,1,1,0,0,0,1,0,0,1
7IZSH2J5,49,17,1,0,1,0,0,0,0,0,0,0,0,0,0,0,0,0,1
7JE47P7W,53,17,1,0,0,0,1,0,0,0,0,0,0,0,0,0,0,0,1
7KZ5RP46,49,17,1,1,0,0,0,0,0,0,0,0,0,0,0,0,0,0,0
7LFO76ZI,49,17,1,0,0,1,0,0,0,0,0,0,0,0,0,0,0,0,1
7LN5391U,53,17,1,0,0,0,0,1,0,0,0,0,0,0,0,0,0,0,1
7MIZDZYI,68,17,1,0,0,1,0,1,1,0,0,0,0,0,0,0,0,0,0
7MR1RNED,53,17,1,0,0,0,0,0,1,0,0,0,0,0,0,0,0,0,1
7MY5R6TS,58,18,1,0,0,1,0,1,0,0,0,0,0,0,0,0,0,0,0
7O5A1MO1,61,17,2,0,0,0,0,0,0,0,0,0,0,0,0,0,0,0,0
7PA7P79N,49,17,1,0,0,0,0,0,0,0,0,1,0,0,0,0,0,0,0
7PUWIC9I,49,17,1,0,0,0,0,0,0,0,0,0,0,1,0,0,0,0,0
7S2MQ8HV,51,17,1,0,0,0,0,0,0,0,0,0,0,0,0,0,0,1,3
7TCEJF49,49,17,1,0,0,0,0,0,0,0,1,0,0,0,0,0,0,0,0
7VC64MPW,55,17,1,0,0,0,0,0,0,1,0,0,0,0,0,0,0,0,2
7YO6H8Y9,56,17,1,0,1,0,0,0,0,0,1,0,0,0,0,0,0,0,0
7YYMFIH5,55,17,1,0,0,1,0,0,0,0,0,0,0,0,0,0,0,1,2
7ZINQGVX,63,17,1,0,0,1,1,0,0,0,0,0,0,0,1,0,0,0,1
81LNPXYQ,49,17,1,0,0,0,0,0,0,0,0,0,0,1,0,0,0,0,0
81YGR94A,64,17,1,0,0,0,0,1,1,0,0,0,0,0,0,0,0,0,1
839LEMHR,49,17,1,0,0,1,0,0,0,0,0,0,0,0,0,0,0,0,1
83LDY72E,49,17,1,1,0,0,0,0,0,0,0,0,0,0,0,0,0,0,0
7MX44F4N,52,17,1,0,0,0,0,0,0,0,1,0,0,0,0,0,0,0,1
85Q6AELU,48,17,1,0,0,0,0,0,0,0,0,0,0,0,0,0,0,1,2
85R52K9A,75,17,1,1,0,0,0,0,0,0,0,2,0,0,0,0,0,0,2
87Q84Z7P,49,17,1,0,0,0,0,0,0,0,0,1,0,0,0,0,0,0,0
88NVB81C,49,17,1,0,0,0,0,0,0,0,0,0,0,1,0,0,0,0,0
88Q3TJJV,50,17,1,0,0,0,0,1,0,0,0,0,0,0,0,0,0,0,0
8C5T1DV6,52,17,1,0,0,0,0,0,0,1,0,0,0,0,0,0,0,0,1
8COL1Z7D,53,17,1,0,0,0,0,1,0,0,0,0,0,0,0,0,0,0,1
8CU4P8PV,60,17,1,1,0,0,0,1,0,0,0,0,0,0,0,0,0,0,0
8DWUZD77,49,17,1,0,0,0,0,0,0,0,0,1,0,0,0,0,0,0,0
8FJBYD8H,63,17,1,0,0,0,1,0,0,0,1,0,0,0,0,0,0,0,1
8G6GZ8AZ,52,17,1,0,1,0,0,0,0,0,0,0,0,0,0,0,1,0,1
8G89IGYW,48,17,1,0,0,0,0,0,0,0,0,0,0,0,1,0,0,0,2
8HGJECU2,48,17,1,0,0,0,0,0,0,0,0,0,0,0,0,0,0,1,2
8HMCXJZJ,60,17,1,0,0,0,0,0,1,1,0,0,0,0,0,0,0,0,0
8H8IQ22J,49,17,1,0,0,0,0,0,0,0,0,0,0,1,0,0,0,0,0
8HYN6Y27,55,17,1,0,0,0,0,0,0,0,0,0,1,0,0,0,0,1,1
8I97TMJ7,50,17,1,0,0,0,1,0,0,0,0,0,0,0,0,0,0,0,0
8JHTPF7V,49,17,1,0,0,0,0,0,0,0,0,1,0,0,0,0,0,0,0
8K4BSW3F,49,17,1,0,0,0,0,0,0,0,0,0,1,0,0,0,0,0,0
8L2XVGWB,49,17,1,0,0,0,0,0,0,0,0,0,0,1,0,0,0,0,0
8MO2T1BV,59,17,1,0,0,1,0,0,0,0,0,0,1,0,0,0,0,0,1
8NFFCSTN,48,17,1,0,0,0,0,0,0,0,0,0,0,0,0,0,1,0,2
8NTI1P5T,56,17,1,0,0,1,0,0,0,0,0,0,1,0,0,0,0,0,0
8P4WP6Z4,49,17,1,0,0,0,0,0,0,1,0,0,0,0,0,0,0,0,0
8Q3LYTCA,53,17,1,0,1,1,0,0,0,0,0,0,0,0,0,0,0,0,0
8QDWG1OC,52,17,1,0,0,0,0,0,0,0,1,0,0,0,0,0,0,0,1
8RFVZZG4,49,17,1,0,0,0,0,0,0,0,0,0,0,1,0,0,0,0,0
8S36AMTM,55,17,1,0,0,0,0,0,0,0,0,0,0,1,0,0,0,1,1
8VH1DSMO,66,17,1,0,0,0,0,1,0,0,0,1,0,0,0,0,0,0,2
8WCDXXAA,49,17,1,0,0,0,0,0,0,0,0,0,1,0,0,0,0,0,0
8XTD2SOU,79,17,1,1,0,1,0,0,1,0,0,0,0,0,0,0,2,0,2
8Y6Y3LSZ,51,19,1,0,0,0,0,0,0,0,0,1,0,0,0,0,0,0,0
8YN23B5M,50,17,0,1,0,0,0,0,0,1,0,0,1,0,0,0,0,0,1
8ZHNFJ3P,59,17,1,0,0,0,0,0,0,1,1,0,0,0,0,0,0,0,0
8ZV82SSS,50,17,1,0,0,0,0,1,0,0,0,0,0,0,0,0,0,0,0
93GPL4NK,50,17,1,0,0,0,0,1,0,0,0,0,0,0,0,0,0,0,0
9319NS7D,51,17,1,0,0,0,0,0,0,0,0,0,0,0,0,0,1,1,2
94S3V5DD,53,17,0,1,0,0,0,0,0,0,0,1,0,1,0,0,1,0,1
94U499FU,52,17,1,0,0,0,0,0,0,0,0,0,0,1,0,0,0,0,1
94ZY4O44,55,18,0,1,0,0,1,0,0,1,0,0,0,0,0,0,0,0,2
961QKS9E,55,17,1,0,0,0,0,0,0,0,1,0,0,0,0,0,0,1,1
9ICLQGV4,56,17,1,0,0,0,1,0,0,0,0,0,0,0,0,1,0,0,1
97E95CBH,50,17,1,0,0,0,1,0,0,0,0,0,0,0,0,0,0,0,0
976Y597A,53,18,1,0,0,0,0,0,0,0,0,1,0,0,0,0,0,0,1
97KRFDBH,49,17,1,0,0,0,0,0,0,0,0,0,0,1,0,0,0,0,0
97LV5EM1,49,17,1,0,0,0,0,0,0,0,0,0,0,1,0,0,0,0,0
9B5E9RPF,49,17,1,0,0,0,0,0,0,0,0,0,0,1,0,0,0,0,0
9CGC65DE,52,17,1,1,0,0,0,0,0,0,0,0,0,0,0,0,0,0,1
9DL2392C,56,17,1,0,0,0,1,0,0,0,0,0,0,0,0,0,0,0,2
9DNREKAO,50,17,0,0,0,0,1,0,0,0,0,1,0,0,0,0,0,1,3
9ETFLIGA,50,17,1,0,0,0,0,1,0,0,0,0,0,0,0,0,0,0,0
9EZWIVPT,50,14,1,0,1,1,0,0,0,0,0,0,0,0,0,0,0,0,0
9HBBX5X8,56,17,1,1,0,1,0,0,0,0,0,0,0,0,0,0,0,0,0
9IDCZ3CV,50,18,1,0,0,0,0,0,0,0,0,1,0,0,0,0,0,0,0
9JG58U5V,48,17,0,2,0,0,0,0,1,0,0,0,0,0,0,0,0,0,0
9MTAZSZI,52,20,1,1,0,0,0,0,0,0,0,0,0,0,0,0,0,0,0
9NS6X53R,55,17,1,0,0,0,0,0,0,0,1,0,0,0,0,0,0,1,1
9OBDHEVT,55,17,1,1,0,0,0,0,0,0,0,0,0,0,0,0,1,0,1
9OESSAE8,74,19,1,0,0,0,0,1,0,0,0,0,1,0,0,1,1,0,2
9B6NLPFS,50,17,1,0,0,0,0,0,1,0,0,0,0,0,0,0,0,0,0
9QJW332J,61,17,1,1,0,0,0,0,0,0,0,0,0,0,0,1,0,1,2
9R71IZPW,50,17,1,0,0,0,1,0,0,0,0,0,0,0,0,0,0,0,0
9S12JNU3,52,17,1,0,0,0,0,0,0,0,1,0,0,0,0,0,0,0,1
9SRG8MKW,49,17,1,0,0,0,0,0,0,0,0,1,0,0,0,0,0,0,0
9TLQ4LXI,52,17,1,0,0,0,0,0,0,0,0,1,0,0,0,0,0,0,1
9UJE8I8B,50,18,1,0,0,0,0,0,0,0,0,0,1,0,0,0,0,0,0
9UUIXRH7,63,18,1,0,1,0,0,0,0,0,1,0,0,0,0,0,1,0,1
9UV86XIQ,49,18,1,0,0,0,0,0,0,0,0,0,0,0,0,0,0,1,2
9XDEPKVA,50,18,1,0,0,1,0,0,0,0,0,0,0,0,0,0,0,0,1
9Y9OFDQ7,49,17,1,0,0,1,0,0,0,0,0,0,0,0,0,0,0,0,1
9XZYHXF1,49,17,1,0,0,0,0,0,0,0,1,0,0,0,0,0,0,0,0
9YOFOI3B,59,17,1,0,0,0,0,0,0,1,1,0,0,0,0,0,0,0,0
9Z57OY3Z,50,15,1,0,1,0,0,0,0,0,0,0,0,0,1,0,0,0,1
A17VDWD6,49,17,1,1,0,0,0,0,0,0,0,0,0,0,0,0,0,0,0
AJ67K4FO,49,17,1,0,0,0,0,0,0,0,0,0,0,1,0,0,0,0,0
A1PV3P8U,53,17,1,0,0,0,0,0,1,0,0,0,0,0,0,0,0,0,1
A3JGS6KY,49,17,1,0,0,0,0,0,0,1,0,0,0,0,0,0,0,0,0
A4NX1S9B,50,17,1,0,0,0,0,0,1,0,0,0,0,0,0,0,0,0,0
A4XTOUIV,49,17,1,0,0,0,0,0,0,0,0,0,1,0,0,0,0,0,0
AB6PMNWN,60,17,1,1,0,0,0,0,1,0,0,0,0,0,0,0,0,0,0
AC6QDVGJ,48,17,1,0,0,0,0,0,0,0,0,0,0,0,0,0,1,0,2
AD9A3WV1,49,17,1,0,0,0,0,0,0,0,0,0,0,1,0,0,0,0,0
AEXIHGWX,49,18,1,0,0,0,0,0,0,0,0,0,0,0,1,0,0,0,2
AICHQQDO,49,17,1,1,0,0,0,0,0,0,0,0,0,0,0,0,0,0,0
AJB21DPZ,49,17,1,0,0,0,0,0,0,1,0,0,0,0,0,0,0,0,0
AJM3CZHN,52,17,1,0,0,0,0,0,0,0,0,0,1,0,0,0,0,0,1
B4TJC7VN,52,17,1,1,0,0,0,0,0,0,0,0,0,0,0,0,0,0,1
B5YUJCIF,56,18,1,1,0,0,0,0,0,0,0,0,0,0,0,0,0,1,1
AMZ9JAH1,72,17,1,0,0,1,0,0,0,0,0,0,1,1,0,0,0,1,1
AODIAP2C,49,17,1,0,0,0,0,0,0,0,0,0,0,1,0,0,0,0,0
AQ4IU68N,53,17,1,0,0,0,0,1,0,0,0,0,0,0,0,0,0,0,1
AQDC9FEH,65,17,1,0,0,0,0,0,0,1,1,0,0,0,0,0,1,0,1
AY75CZDN,55,17,1,1,0,0,0,0,0,0,0,0,0,0,1,0,0,0,1
AZ1XL6ZG,53,15,1,0,0,0,0,0,0,0,0,1,0,0,0,0,1,0,1
AZO47DTQ,63,17,1,0,1,0,0,1,0,0,0,0,0,0,0,1,0,0,1
B2D3C565,59,17,1,0,0,0,0,0,0,0,0,0,1,1,0,0,0,0,0
B2CSG2NP,49,17,1,0,0,1,0,0,0,0,0,0,0,0,0,0,0,0,1
B3QZ2B8I,55,17,1,0,0,0,0,0,0,0,0,0,0,1,0,0,0,1,1
AKHIMYHR,58,17,1,0,0,0,0,0,0,0,0,0,0,1,1,0,0,0,2
B56WAQXD,52,17,1,0,0,0,0,0,0,0,0,0,1,0,0,0,0,0,1
B5VXRHPQ,51,17,1,0,0,0,0,0,0,0,0,0,0,0,0,0,0,1,3
BKEEA2MC,55,18,1,0,0,0,0,0,0,0,0,0,0,0,0,0,0,2,3
B66PIGX8,49,17,1,0,0,0,0,0,0,0,0,0,1,0,0,0,0,0,0
B6ZBGZP8,49,17,1,0,0,0,0,0,0,1,0,0,0,0,0,0,0,0,0
B7H24A2I,59,17,1,1,0,0,0,0,0,0,0,0,0,1,0,0,0,0,0
BNDHLDHG,50,17,1,0,0,0,0,1,0,0,0,0,0,0,0,0,0,0,0
B8LP6518,62,17,1,0,0,1,0,0,0,0,1,0,0,0,0,0,1,0,1
B93MDA9B,50,17,1,0,0,0,1,0,0,0,0,0,0,0,0,0,0,0,0
BE6XHOBD,52,17,1,0,0,0,0,0,0,0,0,0,0,1,0,0,0,0,1
BFSV5CSM,62,17,1,0,1,0,0,0,0,0,0,0,1,0,0,0,1,0,1
BGCR5A58,56,18,1,0,1,0,0,0,0,0,0,0,0,0,0,0,0,1,2
BHQCHNF2,49,17,1,0,0,0,0,0,0,0,1,0,0,0,0,0,0,0,0
BI6DDU63,52,19,1,0,0,0,0,0,1,0,0,0,0,0,0,0,0,0,0
BIXBO3NU,52,17,1,0,0,0,0,0,0,0,0,0,1,0,0,0,0,0,1
BJQ2WRHI,55,17,1,0,0,0,0,0,0,0,0,0,1,0,0,0,1,0,1
BL5LOHER,53,17,1,0,0,2,0,0,0,0,0,0,0,0,0,0,0,0,0
BLQ2PTOO,49,17,1,0,0,0,0,0,0,1,0,0,0,0,0,0,0,0,0
BMVDXEGM,49,17,1,0,0,0,0,0,0,0,0,0,0,1,0,0,0,0,0
BN9Q8CYI,52,17,1,1,0,0,0,0,0,0,0,0,0,0,0,0,0,0,1
BNM6INTT,52,17,1,1,0,0,0,0,0,0,0,0,0,0,0,0,0,0,1
BQZEH44H,60,17,1,0,0,0,0,1,0,0,0,1,0,0,0,0,0,0,0
BSGHXT18,55,17,1,0,0,0,0,0,0,0,1,0,0,0,0,0,1,0,1
BT1948PU,52,17,1,0,1,0,0,0,0,0,0,0,0,0,0,0,1,0,1
BVHO7OOX,59,17,1,0,0,2,0,0,0,0,0,0,0,0,0,1,0,0,1
BWBKWN9E,49,17,1,1,0,0,0,0,0,0,0,0,0,0,0,0,0,0,0
BXFHYT12,59,17,1,0,0,0,0,0,0,0,1,0,0,1,0,0,0,0,0
BWVGR6KQ,49,17,1,0,0,0,0,0,0,0,0,0,1,0,0,0,0,0,0
BYPFCCJQ,64,18,1,1,0,0,0,0,1,0,0,0,0,0,0,0,0,0,1
C1SKATVJ,59,17,1,1,0,0,0,0,0,0,0,0,0,1,0,0,0,0,0
C3BV2ZHR,66,17,1,0,0,0,1,0,0,0,0,1,0,0,0,1,0,0,1
C3JXML44,49,17,1,0,0,0,0,0,0,0,0,1,0,0,0,0,0,0,0
C4VQNTHB,51,17,1,0,0,0,0,0,0,0,0,0,0,0,0,1,1,0,2
C5BO9L9E,58,17,1,0,0,0,0,0,0,0,1,0,0,0,0,1,0,0,2
C5H4AMR3,52,18,1,0,0,0,0,0,0,0,0,0,0,0,1,0,0,0,3
CJ7PP4A4,49,17,1,0,0,0,0,0,0,0,0,0,0,1,0,0,0,0,0
CKUDSF26,63,17,1,0,1,0,0,1,0,0,0,0,0,0,0,0,0,1,1
C6RTF8LE,55,17,1,0,0,0,0,0,0,0,0,1,0,0,0,1,0,0,1
CA3TTRC3,49,17,1,0,0,0,0,0,0,1,0,0,0,0,0,0,0,0,0
CC6RMOZF,55,17,1,0,0,0,0,0,0,0,1,0,0,0,0,0,0,1,1
CBTNOLCW,59,17,1,1,0,0,0,0,0,0,1,0,0,0,0,0,0,0,0
CCKMQY3K,48,17,1,0,0,0,0,0,0,0,0,0,0,0,1,0,0,0,2
CD4OROIW,48,17,0,0,0,0,0,0,1,0,1,0,1,0,0,0,0,0,0
CDAFNZOC,63,17,1,0,1,0,1,0,0,0,0,0,0,0,0,0,0,0,2
CDDL8CJX,49,17,1,0,0,0,0,0,0,0,0,0,1,0,0,0,0,0,0
CEGTU272,51,17,1,0,0,0,0,0,0,0,0,0,0,0,0,0,0,0,4
CEOS98GF,58,17,1,0,0,1,0,0,0,0,0,0,0,0,1,0,0,1,2
CJW1YJV6,50,17,1,0,0,0,0,1,0,0,0,0,0,0,0,0,0,0,0
CX7HVTDC,49,17,1,0,0,0,0,0,0,0,1,0,0,0,0,0,0,0,0
CMBUKHF8,49,17,1,1,0,0,0,0,0,0,0,0,0,0,0,0,0,0,0
CNGR2GP1,50,17,1,0,0,0,1,0,0,0,0,0,0,0,0,0,0,0,0
COFQF6OT,58,17,1,0,0,1,0,0,0,0,0,0,0,0,1,0,1,0,2
CSJLBOPB,52,17,1,0,1,0,0,0,0,0,0,0,0,0,0,0,0,1,1
CSKKR2PG,56,18,1,0,0,0,0,0,0,1,0,0,0,0,0,0,0,1,1
CT6QHQBT,52,17,1,0,1,0,0,0,0,0,0,0,0,0,0,0,0,0,2
CTIUA9VN,55,17,1,1,0,0,0,0,0,0,0,0,0,0,1,0,0,0,1
CTTDQQ4L,49,17,1,1,0,0,0,0,0,0,0,0,0,0,0,0,0,0,0
CUOC6VCL,62,17,1,0,0,1,0,0,0,0,0,0,1,0,0,0,0,0,2
CW1IPMUH,61,18,1,0,0,0,1,0,0,0,0,0,0,1,0,0,0,0,0
CWISPIG8,55,17,1,0,0,0,0,0,0,0,0,0,0,1,0,0,1,0,1
CJY98DVE,49,17,1,0,1,0,0,0,0,0,0,0,0,0,0,0,0,0,1
CXMOJM8O,50,18,1,1,0,0,0,0,0,0,0,0,0,0,0,0,0,0,0
CY5RV917,56,18,1,0,0,0,0,0,0,0,1,0,0,0,0,0,0,1,1
D4CMCVL7,57,18,1,0,1,0,0,0,0,1,0,0,0,0,0,0,0,0,0
D4ZQ85DY,52,17,1,0,0,0,0,0,0,0,0,1,0,0,0,0,0,0,1
DJGK3YN2,52,17,1,0,0,0,0,0,0,0,0,1,0,0,0,0,0,0,1
D5SLEJRJ,59,17,1,1,0,0,0,0,0,0,1,0,0,0,0,0,0,0,0
D954ZP3G,56,17,1,0,1,0,0,0,0,0,0,0,1,0,0,0,0,0,0
D9A12AR9,52,17,1,0,0,0,0,0,0,0,1,0,0,0,0,0,0,0,1
D9HRIOP9,65,17,1,0,0,0,0,0,0,1,1,0,0,0,0,0,1,0,1
DASEVV1S,48,17,1,0,0,0,0,0,0,0,0,0,0,0,0,0,0,1,2
DCCKB7TD,49,17,1,1,0,0,0,0,0,0,0,0,0,0,0,0,0,0,0
DCNR9N16,49,17,1,0,0,0,0,0,0,0,0,0,0,1,0,0,0,0,0
DCS78QG2,65,17,1,0,0,0,0,0,0,0,1,1,0,0,0,0,0,1,1
DF6IQWRP,49,17,1,1,0,0,0,0,0,0,0,0,0,0,0,0,0,0,0
DGKPU9HA,50,18,1,0,0,0,0,0,0,0,0,1,0,0,0,0,0,0,0
DJMZARWJ,59,19,1,0,0,1,0,0,1,0,0,0,0,0,0,0,0,0,0
DJN68POF,49,17,1,0,0,0,0,0,0,0,0,0,1,0,0,0,0,0,0
DK77JTHC,49,17,1,1,0,0,0,0,0,0,0,0,0,0,0,0,0,0,0
DMD7INHV,50,19,1,0,0,0,0,0,0,0,0,0,0,0,0,1,0,0,2
DMZJRF1T,49,17,1,0,0,0,0,0,0,0,0,0,1,0,0,0,0,0,0
DQMFXXMB,49,17,1,0,0,0,0,0,0,0,0,1,0,0,0,0,0,0,0
DQX5Q7CP,49,17,1,1,0,0,0,0,0,0,0,0,0,0,0,0,0,0,0
DSI4SX8I,59,17,1,0,1,1,0,0,0,0,0,0,0,0,0,1,0,0,1
DTG81NRL,49,17,1,0,0,0,0,0,0,0,0,0,1,0,0,0,0,0,0
DU394XML,56,17,1,0,0,1,0,0,0,0,0,0,0,1,0,0,0,0,0
DUGDIF91,56,18,1,0,0,0,0,0,0,1,0,0,0,0,0,0,1,0,1
DVVEH9HB,68,17,1,0,0,1,1,1,0,0,0,0,0,0,0,0,0,0,0
DW8GBFIV,50,17,1,0,0,0,1,0,0,0,0,0,0,0,0,0,0,0,0
DX1P1DN1,53,18,1,0,0,0,0,0,0,0,0,0,1,0,0,0,0,0,1
E2TXHPZY,54,18,1,0,0,2,0,0,0,0,0,0,0,0,0,0,0,0,0
E3SK71YY,55,17,1,0,0,1,0,0,0,0,0,0,0,0,0,1,0,0,2
E53FXAR4,55,17,1,0,0,0,0,0,0,0,0,1,0,0,0,1,0,0,1
E5ZO7VFB,50,17,1,0,0,0,0,1,0,0,0,0,0,0,0,0,0,0,0
E6B8YARG,49,17,1,1,0,0,0,0,0,0,0,0,0,0,0,0,0,0,0
EA68HV6T,50,18,1,0,0,0,0,0,0,0,0,0,1,0,0,0,0,0,0
EAJYJCZW,48,17,1,0,0,0,0,0,0,0,0,0,0,0,0,0,1,0,2
EA9XWZRW,68,17,1,0,1,0,0,0,0,0,0,0,1,0,0,0,1,0,3
EAK8T487,50,17,1,0,0,0,1,0,0,0,0,0,0,0,0,0,0,0,0
EDB7JSRJ,57,17,1,0,0,1,0,1,0,0,0,0,0,0,0,0,0,0,0
EDW4RBCZ,49,17,1,0,0,0,0,0,0,0,0,0,0,1,0,0,0,0,0
EEH792EW,49,17,1,0,0,1,0,0,0,0,0,0,0,0,0,0,0,0,1
EG6BUJWD,56,17,1,0,1,0,0,0,0,0,0,1,0,0,0,0,0,0,0
EGYVPAX8,48,17,1,0,0,0,0,0,0,0,0,0,0,0,1,0,0,0,2
EVTL91ZH,62,17,1,0,0,0,0,1,0,0,0,0,0,0,1,0,1,0,2
EK2CRTEU,49,17,1,1,0,0,0,0,0,0,0,0,0,0,0,0,0,0,0
ELJPACGE,53,17,1,0,0,0,0,0,1,0,0,0,0,0,0,0,0,0,1
ELTIAVRZ,56,17,1,0,0,1,0,0,0,0,0,0,0,1,0,0,0,0,0
ENKI5XIV,62,17,1,1,0,0,0,0,0,0,0,0,0,1,0,0,0,0,1
ENZDTE7X,48,17,1,0,0,0,0,0,0,0,0,0,0,0,0,0,1,0,2
ENYYNDC8,69,17,1,0,0,0,0,0,0,0,0,1,1,1,0,0,0,0,0
EPUEURWA,56,18,0,0,1,0,0,1,0,0,0,0,0,2,0,0,0,0,0
ERTSDZJ9,49,17,1,0,0,0,0,0,0,0,0,0,0,1,0,0,0,0,0
ETHST96Y,55,17,1,0,0,0,0,0,0,0,0,0,0,1,0,0,0,0,2
ETQDIMVY,55,17,1,0,0,0,0,0,0,0,0,1,0,0,1,0,0,0,1
EV4Z4ENM,69,18,1,0,0,0,0,0,0,0,0,1,1,0,1,0,0,0,2
EWDL4GWD,51,17,1,0,0,0,0,0,0,0,0,0,0,0,0,1,0,1,2
EXLGVYTM,50,17,1,0,0,0,0,1,0,0,0,0,0,0,0,0,0,0,0
F1HAHFNK,56,17,1,0,0,0,0,0,1,0,0,0,0,0,0,0,1,0,1
F2SCMK4Y,57,18,1,1,0,1,0,0,0,0,0,0,0,0,0,0,0,0,0
F48NL9VM,57,18,1,0,1,0,0,0,0,0,0,0,0,1,0,0,0,0,0
F5UOA9IA,49,17,1,0,0,0,0,0,0,0,0,0,1,0,0,0,0,0,0
F6NJNC54,51,17,1,0,0,0,0,0,0,0,0,0,0,0,0,1,0,1,2
F8EMYKRV,59,17,1,1,0,1,0,0,0,0,0,0,0,0,0,0,0,0,1
FPXQIN8U,50,17,1,0,0,0,1,0,0,0,0,0,0,0,0,0,0,0,0
FAYJFD4I,49,17,1,1,0,0,0,0,0,0,0,0,0,0,0,0,0,0,0
FBCWT99D,49,17,1,0,0,0,0,0,0,0,0,0,1,0,0,0,0,0,0
FC8T9FA3,59,17,1,0,0,0,0,0,0,1,0,0,1,0,0,0,0,0,0
FX11J7DD,50,17,1,0,0,0,0,0,1,0,0,0,0,0,0,0,0,0,0
FD7EC1RB,52,17,1,0,0,1,0,0,0,0,0,0,0,0,0,1,0,0,1
FE2FORR3,50,18,1,1,0,0,0,0,0,0,0,0,0,0,0,0,0,0,0
FZXCPVAF,48,17,1,0,0,0,0,0,0,0,0,0,0,0,0,0,0,1,2
FM3KLCYH,65,17,1,0,1,0,0,0,0,0,0,0,1,0,1,0,0,0,2
FOQ1NG6Z,55,17,1,0,0,0,0,0,0,0,1,0,0,0,0,1,0,0,1
FT7GW5FD,48,17,1,0,0,0,0,0,0,0,0,0,0,0,0,0,0,1,2
FU8MDJR5,68,17,1,1,0,0,0,0,0,0,0,1,0,0,0,0,0,1,2
FUWIXI43,54,18,1,0,1,1,0,0,0,0,0,0,0,0,0,0,0,0,0
FX117XFN,50,17,1,0,0,0,0,0,1,0,0,0,0,0,0,0,0,0,0
FWRPU48X,48,17,1,0,0,0,0,0,0,0,0,0,0,0,1,0,0,0,2
FCRWX9OT,56,17,1,0,0,1,0,0,0,0,0,1,0,0,0,0,0,0,0
FZ5Q7K7S,59,17,1,0,0,0,0,0,0,0,0,0,1,1,0,0,0,0,0
FZLGE6BE,52,17,1,0,1,0,0,0,0,0,0,0,0,0,0,1,0,0,1
FHHOPQUX,49,17,1,0,0,0,0,0,0,0,0,0,1,0,0,0,0,0,0
G1S5RGRZ,49,17,1,1,0,0,0,0,0,0,0,0,0,0,0,0,0,0,0
G2212TV2,53,18,1,0,0,0,0,0,0,0,0,1,0,0,0,0,0,0,1
G5CKI36B,49,17,1,0,0,0,0,0,0,0,0,0,0,1,0,0,0,0,0
G6G84MTL,55,17,1,0,0,0,0,0,0,0,0,1,0,0,0,0,1,0,1
G6MCYSXH,52,17,1,0,0,0,0,0,0,0,0,0,0,1,0,0,0,0,1
G7OE3E5C,49,17,1,0,0,0,0,0,0,0,1,0,0,0,0,0,0,0,0
G86RWHH1,63,17,1,1,0,0,0,0,1,0,0,0,0,0,0,0,0,0,1
GAKI2CC5,48,17,1,0,0,0,0,0,0,0,0,0,0,0,0,0,1,0,2
GB3SSYTZ,58,17,1,0,0,0,0,0,0,0,0,0,0,1,0,0,0,0,3
GCPS54GG,48,17,1,0,0,0,0,0,0,0,0,0,0,0,0,0,1,0,2
GD8HLVEE,59,17,1,0,0,0,0,1,0,0,0,0,0,0,0,0,1,0,2
FZ7KESUZ,70,17,1,0,0,0,0,0,2,0,0,0,0,0,0,0,1,0,2
GETMWTXH,48,18,0,0,0,0,0,0,0,2,0,0,0,1,0,0,0,0,0
GFOO9NAB,51,17,1,0,0,0,0,0,0,0,0,0,0,0,0,0,1,0,3
GFLI17GP,52,17,1,0,0,0,0,0,0,1,0,0,0,0,0,0,0,0,1
GGJMS37J,59,17,1,0,0,0,0,0,0,1,0,1,0,0,0,0,0,0,0
GHDF2H9V,59,17,1,0,0,0,0,0,0,0,0,2,0,0,0,0,0,0,0
GINU6OCZ,63,17,1,0,1,1,0,0,0,0,1,0,0,0,0,0,0,0,0
GKTBN4JP,49,17,1,0,1,0,0,0,0,0,0,0,0,0,0,0,0,0,1
GVG7XKV1,57,17,1,0,1,0,0,1,0,0,0,0,0,0,0,0,0,0,0
GLPW5O3F,50,17,1,0,0,0,0,1,0,0,0,0,0,0,0,0,0,0,0
GOFLSCEN,50,18,1,0,0,0,0,0,0,0,0,0,1,0,0,0,0,0,0
GOV6W68B,56,17,1,0,0,2,0,0,0,0,0,0,0,0,0,0,0,0,1
GP4MBKRY,52,17,1,0,0,0,0,0,0,0,0,1,0,0,0,0,0,0,1
GP5WNKFX,51,17,0,0,1,1,0,0,0,0,1,1,0,0,0,0,0,0,0
GPVEOUW5,52,17,1,0,0,0,0,0,0,0,0,0,1,0,0,0,0,0,1
GRTJ5TTR,48,17,1,0,0,0,0,0,0,0,0,0,0,0,0,0,0,1,2
GS7HM692,50,18,1,0,0,0,0,0,0,0,0,0,1,0,0,0,0,0,0
GTCVYV3J,52,17,1,0,0,0,0,0,0,1,0,0,0,0,0,0,0,0,1
GU2MN15P,56,17,1,0,0,0,0,1,0,0,0,0,0,0,1,0,0,0,1
GUNCRKY8,65,17,1,0,0,0,0,0,0,0,0,1,1,0,0,0,1,0,1
GL4XODSU,60,17,1,0,0,0,0,1,0,0,0,1,0,0,0,0,0,0,0
GVTIUHTZ,53,17,1,0,0,0,0,0,1,0,0,0,0,0,0,0,0,0,1
GVSXLX8A,60,17,1,0,0,0,1,0,0,0,0,0,0,1,0,0,0,0,0
GXUK3U3Y,49,17,1,1,0,0,0,0,0,0,0,0,0,0,0,0,0,0,0
GXESESAG,50,17,1,0,0,0,0,1,0,0,0,0,0,0,0,0,0,0,0
GY8L4A2Z,55,17,1,0,0,0,0,0,0,1,0,0,0,0,0,0,0,1,1
GYTKHBQT,49,17,1,0,0,0,0,0,0,0,1,0,0,0,0,0,0,0,0
GZNOA9RH,53,17,1,0,0,0,1,0,0,0,0,0,0,0,0,0,0,0,1
GZU4FFBE,50,18,1,1,0,0,0,0,0,0,0,0,0,0,0,0,0,0,0
GZWWUZTY,49,17,1,0,0,0,0,0,0,0,1,0,0,0,0,0,0,0,0
H1DNVD53,51,17,1,0,0,0,0,0,0,0,0,0,0,0,0,0,1,0,3
H1ZRREPG,49,17,1,0,0,0,0,0,0,0,0,0,1,0,0,0,0,0,0
H4LDYQY6,49,17,1,1,0,0,0,0,0,0,0,0,0,0,0,0,0,0,0
H4RE7TGS,72,17,1,0,0,1,0,0,0,1,0,1,0,0,0,0,0,1,1
H528YIYI,65,17,1,0,0,0,0,0,1,0,0,0,0,0,0,0,0,2,3
H5DQEG56,53,17,1,0,1,1,0,0,0,0,0,0,0,0,0,0,0,0,0
HCB6ZUET,53,20,1,0,0,0,0,0,1,0,0,0,0,0,0,0,0,0,0
HCDURSCF,62,17,1,0,0,1,0,0,0,0,1,0,0,0,0,0,0,0,2
HGV5LQ54,52,17,1,0,0,0,0,0,0,1,0,0,0,0,0,0,0,0,1
HJC4U1BT,50,17,1,0,0,0,1,0,0,0,0,0,0,0,0,0,0,0,0
HJG3B1TD,55,17,1,0,0,0,0,0,0,0,0,1,0,0,0,0,1,0,1
HLJWQMAT,49,17,1,0,0,0,0,0,0,0,0,1,0,0,0,0,0,0,0
HMM6BCVC,56,18,1,0,0,1,0,0,0,0,0,0,0,0,0,0,1,0,2
HN7XKX1H,52,17,1,0,0,1,0,0,0,0,0,0,0,0,0,0,0,1,1
I44AGR46,53,18,1,0,1,0,0,0,0,0,0,0,0,0,0,0,0,1,1
HNX2Z4KZ,50,18,1,0,0,0,0,0,0,0,1,0,0,0,0,0,0,0,0
HPXKBM7A,79,17,1,2,0,0,0,0,0,0,1,0,0,1,0,0,0,0,0
HRV65P7N,61,18,1,0,0,0,0,1,0,0,1,0,0,0,0,0,0,0,0
HV76IV87,49,17,1,0,1,0,0,0,0,0,0,0,0,0,0,0,0,0,1
HWM4EIZJ,51,17,1,0,0,0,0,0,0,0,0,0,0,0,0,1,1,0,2
HWVHUNV3,56,17,1,0,1,0,0,0,0,0,0,0,1,0,0,0,0,0,0
HWW7CKRW,61,17,1,0,0,0,0,1,1,0,0,0,0,0,0,0,0,0,0
HZES4BSW,64,19,1,2,0,0,0,0,0,0,0,0,0,0,0,0,0,0,1
I1AD78X6,59,17,1,0,0,1,0,0,0,0,0,0,1,0,0,0,0,0,1
I1SP2GKC,59,17,1,0,0,0,0,1,0,0,0,0,0,0,0,1,0,0,2
I21GJ2YA,57,17,1,0,0,0,0,0,0,0,0,0,0,0,0,1,1,0,4
I4DJD225,50,17,1,0,0,0,1,0,0,0,0,0,0,0,0,0,0,0,0
I5DTUDO8,53,17,1,0,0,0,1,0,0,0,0,0,0,0,0,0,0,0,1
I6MW32MZ,53,17,1,0,1,1,0,0,0,0,0,0,0,0,0,0,0,0,0
IMIPIKXF,71,17,1,0,0,0,0,0,0,0,0,1,0,1,1,1,0,0,2
I73PC2E1,50,17,1,0,0,0,0,1,0,0,0,0,0,0,0,0,0,0,0
I893Q7BM,56,17,1,0,1,0,0,0,0,0,0,0,1,0,0,0,0,0,0
I8LT9SKX,56,17,1,0,0,0,0,1,0,0,0,0,0,0,0,1,0,0,1
IAIKFW6H,57,18,1,0,0,2,0,0,0,0,0,0,0,0,0,0,0,0,1
ICL8OUU8,51,18,1,0,0,0,0,0,1,0,0,0,0,0,0,0,0,0,0
IEF1A6RV,49,17,1,0,0,0,0,0,0,0,0,0,1,0,0,0,0,0,0
IGQH6E17,48,18,0,1,0,0,0,0,0,0,0,0,1,1,0,0,0,0,0
IHJU9SCP,49,17,1,0,1,0,0,0,0,0,0,0,0,0,0,0,0,0,1
IIXRBM3T,58,17,1,0,0,0,0,0,0,1,0,0,0,0,0,0,0,1,2
IN51Z1GJ,49,17,1,0,0,0,0,0,0,0,1,0,0,0,0,0,0,0,0
INTA3V8M,62,17,1,0,0,0,0,0,0,0,0,1,1,0,0,0,0,0,1
IP7IFOEZ,52,17,1,0,0,0,0,0,0,0,0,1,0,0,0,0,0,0,1
J4IA68YZ,49,17,1,0,1,0,0,0,0,0,0,0,0,0,0,0,0,0,1
IR5BQJO5,49,17,1,0,0,0,0,0,0,0,1,0,0,0,0,0,0,0,0
ISGGN58Z,59,17,1,2,0,0,0,0,0,0,0,0,0,0,0,0,0,0,0
IUQ37KRJ,53,17,1,0,0,0,0,1,0,0,0,0,0,0,0,0,0,0,1
IW2TU7LC,49,17,1,0,0,1,0,0,0,0,0,0,0,0,0,0,0,0,1
IWFY2AQZ,57,17,1,0,0,0,0,0,0,0,0,0,0,0,1,1,0,0,4
IYUGCK7U,52,17,1,1,0,0,0,0,0,0,0,0,0,0,0,0,0,0,1
IZ2HY1XX,53,18,1,0,0,0,0,0,0,1,0,0,0,0,0,0,0,0,1
J1B14I1P,48,17,1,0,0,0,0,0,0,0,0,0,0,0,0,1,0,0,2
J3S8BTNE,68,18,1,0,0,1,0,1,0,1,0,0,0,0,0,0,0,0,0
IQPLFP76,56,17,1,0,1,0,0,0,0,1,0,0,0,0,0,0,0,0,0
J4VYZFWJ,50,18,1,0,0,0,0,0,0,0,0,0,0,1,0,0,0,0,0
J5GYIWDF,49,17,1,0,0,0,0,0,0,1,0,0,0,0,0,0,0,0,0
J6JNVF6J,71,17,1,0,0,0,0,1,0,0,0,0,0,0,0,2,0,1,4
J6XQU643,50,18,1,1,0,0,0,0,0,0,0,0,0,0,0,0,0,0,0
J8BDX6BW,48,17,1,0,0,0,0,0,0,0,0,0,0,0,0,0,1,0,2
JRSODVXJ,49,17,1,0,0,0,0,0,0,0,0,0,0,1,0,0,0,0,0
JEPKGCT7,52,17,1,0,0,0,0,0,0,0,0,0,0,1,0,0,0,0,1
JEYIJXC5,59,17,1,0,1,0,0,0,0,0,0,1,0,0,0,0,0,0,1
JEV624YY,64,17,1,0,0,1,0,0,0,0,0,0,0,0,0,3,0,0,3
JFZT968I,57,18,1,1,0,1,0,0,0,0,0,0,0,0,0,0,0,0,0
JJHC6SRB,71,17,2,1,0,0,0,0,0,0,0,0,0,0,0,0,0,0,0
JMDCAABD,55,17,1,0,0,0,0,0,0,0,0,1,0,0,1,0,0,0,1
JMNCV3SB,57,18,1,0,0,0,0,0,1,0,0,0,0,0,0,0,1,0,1
JORILPWP,48,17,1,0,0,0,0,0,0,0,0,0,0,0,0,0,0,0,3
JPWQGNJ5,52,17,1,0,1,0,0,0,0,0,0,0,0,0,0,0,0,1,1
JQ5LU4L6,57,17,1,0,1,0,0,1,0,0,0,0,0,0,0,0,0,0,0
JQJNJCWT,52,17,1,0,0,0,0,0,0,1,0,0,0,0,0,0,0,0,1
JTIFAHOX,50,17,1,0,0,0,0,0,1,0,0,0,0,0,0,0,0,0,0
JV1IHM21,58,17,1,0,0,0,0,0,0,0,0,0,0,1,0,1,0,0,2
JXNJX77Q,50,18,1,0,0,1,0,0,0,0,0,0,0,0,0,0,0,0,1
JY89Q69L,49,17,1,0,0,0,0,0,0,0,0,0,1,0,0,0,0,0,0
JZJ3LQL6,50,17,1,0,0,0,1,0,0,0,0,0,0,0,0,0,0,0,0
K26VZXBY,56,17,1,0,1,1,0,0,0,0,0,0,0,0,0,0,0,0,1
K2993L5K,55,17,1,0,0,0,0,0,0,0,0,1,0,0,0,0,0,1,1
K2F45JJJ,55,17,1,1,0,0,0,0,0,0,0,0,0,0,1,0,0,0,1
K48XMI8Q,52,17,1,0,1,0,0,0,0,0,0,0,0,0,0,1,0,0,1
K52EKVPL,49,17,1,0,0,1,0,0,0,0,0,0,0,0,0,0,0,0,1
K69IML2B,69,17,1,0,0,0,0,0,0,0,1,0,1,1,0,0,0,0,0
K6VB2ZQC,51,17,1,0,0,0,0,0,0,0,0,0,0,0,0,1,0,1,2
K7KX43TZ,52,17,1,0,0,1,0,0,0,0,0,0,0,0,0,1,0,0,1
K7TV4ZO8,63,17,1,0,2,0,0,0,0,0,0,1,0,0,0,0,0,0,0
KBL6S5Y1,49,17,1,0,0,0,0,0,0,0,0,0,1,0,0,0,0,0,0
KKV94O6V,48,20,1,0,0,0,0,0,0,0,0,0,0,0,0,1,0,0,1
KCA7R4FR,52,17,1,0,0,0,0,0,0,0,0,0,1,0,0,0,0,0,1
KC5CTOAI,50,18,1,0,0,0,0,0,0,0,0,0,1,0,0,0,0,0,0
KD1O3G8M,60,17,1,1,0,0,0,1,0,0,0,0,0,0,0,0,0,0,0
KD4FWMIP,49,17,1,0,0,0,0,0,0,0,0,1,0,0,0,0,0,0,0
KEOJ4NG7,62,17,1,0,0,1,0,0,0,0,0,0,1,0,0,0,1,0,1
KF2TSP8S,59,17,1,0,0,0,0,0,0,0,0,2,0,0,0,0,0,0,0
KTQF76UV,65,17,1,1,0,0,0,0,0,0,0,0,1,0,0,0,0,1,1
KH1LMLP1,63,17,1,1,0,0,0,0,1,0,0,0,0,0,0,0,0,0,1
KJ3IE9A8,49,17,1,0,0,0,0,0,0,0,0,0,0,1,0,0,0,0,0
KJ6L1OKJ,56,18,1,1,0,0,0,0,0,0,0,0,0,0,0,0,0,1,1
KJF78PYZ,55,17,1,0,0,0,0,0,0,0,0,0,0,1,0,0,1,0,1
L1G73IPE,56,17,1,1,1,0,0,0,0,0,0,0,0,0,0,0,0,0,0
KLPTOAGN,52,17,1,0,0,0,0,0,0,1,0,0,0,0,0,0,0,0,1
KM5PJRA8,51,17,1,0,0,0,0,0,0,0,0,0,0,0,0,1,0,0,3
KNW1QMTD,66,17,1,0,3,0,0,0,0,0,0,0,0,0,0,1,0,0,1
KO1RJZCS,61,17,1,0,0,0,0,0,0,0,0,1,0,0,0,2,0,0,2
KP7NR2VA,48,19,1,0,0,1,0,0,0,0,0,0,0,0,0,0,0,0,0
KPQBQX63,51,19,1,0,0,0,0,0,0,0,1,0,0,0,0,0,0,0,0
KG7R55TC,49,17,1,0,0,0,0,0,0,0,0,0,1,0,0,0,0,0,0
KTREFBQR,56,17,1,1,1,0,0,0,0,0,0,0,0,0,0,0,0,0,0
KYB4RHOA,48,17,1,0,0,0,0,0,0,0,0,0,0,0,0,0,0,1,2
KYNGOY5S,56,17,1,0,1,0,0,0,0,0,0,1,0,0,0,0,0,0,0
KZNHXDWI,58,17,1,0,0,0,0,0,0,0,0,1,0,0,0,0,0,1,2
L23LFO8I,48,17,1,0,0,0,0,0,0,0,0,0,0,0,1,0,0,0,2
L2SX2W5J,49,17,1,0,0,0,0,0,0,0,0,1,0,0,0,0,0,0,0
L6QS5C95,57,18,1,0,1,0,0,0,0,0,1,0,0,0,0,0,0,0,0
L81L4BFT,52,17,1,1,0,0,0,0,0,0,0,0,0,0,0,0,0,0,1
L9I3IQZ5,52,17,1,0,0,0,0,0,0,0,0,0,1,0,0,0,0,0,1
LP14P71G,49,17,1,0,0,0,0,0,0,0,0,0,0,1,0,0,0,0,0
LCJUEQVO,50,18,1,0,0,1,0,0,0,0,0,0,0,0,0,0,0,0,1
LF2NS1PH,49,17,1,0,0,0,0,0,0,0,0,0,1,0,0,0,0,0,0
LGORWMZ2,50,17,1,0,0,0,0,1,0,0,0,0,0,0,0,0,0,0,0
LGVXYCWD,55,17,1,0,0,0,0,0,0,0,0,0,1,0,0,0,1,0,1
LGJOGW46,49,18,1,0,0,0,0,0,0,0,0,0,0,0,0,0,0,1,2
LIHJSR4E,49,17,1,0,1,0,0,0,0,0,0,0,0,0,0,0,0,0,1
LJ1ZW7LS,59,17,1,1,0,0,0,0,0,0,0,0,1,0,0,0,0,0,0
LL4BBWRY,49,17,1,0,0,0,0,0,0,0,1,0,0,0,0,0,0,0,0
LLDS82AW,52,17,1,0,0,1,0,0,0,0,0,0,0,0,0,1,0,0,1
LN6K3DLH,51,17,1,0,0,0,0,0,0,0,0,0,0,0,1,0,0,1,2
LPG37NJL,48,17,1,0,0,0,0,0,0,0,0,0,0,0,0,0,1,0,2
LPR1HTZK,52,17,0,1,0,0,0,1,1,0,0,0,0,0,0,0,0,0,1
LRA73XPP,52,17,1,0,0,1,0,0,0,0,0,0,0,0,1,0,0,0,1
LRQ51JTU,52,17,1,0,1,0,0,0,0,0,0,0,0,0,0,0,1,0,1
LTNONU5Z,49,17,1,0,1,0,0,0,0,0,0,0,0,0,0,0,0,0,1
LU21E2XS,56,17,1,0,1,0,0,0,0,0,0,0,1,0,0,0,0,0,0
LU1WAAS5,49,17,1,0,0,0,0,0,0,0,0,1,0,0,0,0,0,0,0
LUC63FZP,49,17,1,0,0,0,0,0,0,0,0,0,1,0,0,0,0,0,0
LV1KONHB,74,17,1,1,1,1,0,1,0,0,0,0,0,0,0,0,0,0,0
LW63NQHI,59,17,1,1,0,0,0,0,0,0,0,1,0,0,0,0,0,0,0
LWGB81GF,49,17,1,0,0,0,0,0,0,0,1,0,0,0,0,0,0,0,0
LWKK3JXY,49,17,1,0,0,0,0,0,0,0,0,0,0,1,0,0,0,0,0
M11AGWVN,49,17,1,0,1,0,0,0,0,0,0,0,0,0,0,0,0,0,1
M1QWPCSB,49,17,1,1,0,0,0,0,0,0,0,0,0,0,0,0,0,0,0
M3QZ4DTF,49,18,1,0,0,0,0,0,0,0,0,0,0,0,0,0,0,1,2
M49UI8V6,52,17,1,0,1,0,0,0,0,0,0,0,0,0,0,0,0,1,1
M5Q9BNW4,49,17,1,0,0,1,0,0,0,0,0,0,0,0,0,0,0,0,1
M6PPIECQ,52,17,1,0,0,1,0,0,0,0,0,0,0,0,0,1,0,0,1
M6SS6AJF,48,17,1,0,0,0,0,0,0,0,0,0,0,0,0,0,1,0,2
M7GY2XKR,63,17,1,0,1,0,0,1,0,0,0,0,0,0,0,0,1,0,1
M7LB6P7R,55,17,1,0,0,0,0,0,0,0,0,0,1,0,1,0,0,0,1
M9CIPA2T,65,17,1,0,0,0,0,0,0,0,0,1,0,1,0,1,0,0,1
M9GWBMCN,74,18,1,1,0,0,0,0,1,0,0,0,0,1,0,0,0,0,1
M9TA173S,51,17,1,0,0,0,0,0,0,0,0,0,0,0,0,1,1,0,2
MAA3HKNF,48,17,1,0,0,0,0,0,0,0,0,0,0,0,0,0,1,0,2
MB9WFYI7,59,17,1,0,0,1,0,0,0,0,1,0,0,0,0,0,0,0,1
MCEFUSW2,61,18,1,0,0,3,0,0,0,0,0,0,0,0,0,0,0,0,0
MCQ6K2AF,49,17,1,0,0,0,0,0,0,0,1,0,0,0,0,0,0,0,0
ME6YHJC6,57,17,1,0,0,1,0,1,0,0,0,0,0,0,0,0,0,0,0
MEBRWMDY,50,17,1,0,0,0,0,1,0,0,0,0,0,0,0,0,0,0,0
MEGGCOE8,52,17,1,0,0,0,0,0,0,0,0,0,1,0,0,0,0,0,1
MFHBFLKW,60,17,1,0,0,0,0,0,1,0,0,0,1,0,0,0,0,0,0
MG2JWIN7,51,18,1,0,0,0,0,0,1,0,0,0,0,0,0,0,0,0,0
MICVAX1D,49,17,1,0,0,0,0,0,0,0,0,1,0,0,0,0,0,0,0
MJYW63F8,48,17,1,0,0,0,0,0,0,0,0,0,0,0,0,0,1,0,2
MKGRCTDI,50,17,1,0,0,0,0,1,0,0,0,0,0,0,0,0,0,0,0
MMH6NBBF,57,18,1,0,0,1,0,0,0,0,0,1,0,0,0,0,0,0,0
MMXL39ZM,51,17,1,0,0,0,0,0,0,0,0,0,0,0,1,0,1,0,2
MNHZU5PK,50,17,1,0,0,0,0,1,0,0,0,0,0,0,0,0,0,0,0
MNH7DWXS,61,19,1,0,0,0,0,0,0,0,0,0,1,1,0,0,0,0,0
MPY9L1AS,65,17,1,0,0,0,0,0,0,0,1,0,1,0,0,0,0,1,1
MRV8WZ4Z,67,17,1,0,1,0,0,0,1,0,0,1,0,0,0,0,0,0,0
MSE1I1GH,49,17,1,0,0,1,0,0,0,0,0,0,0,0,0,0,0,0,1
MU4QCO93,50,17,1,0,0,0,0,1,0,0,0,0,0,0,0,0,0,0,0
MUX77UHQ,63,17,1,0,0,0,0,1,0,0,0,0,1,0,0,0,0,0,1
MWM65OX1,49,17,1,0,0,0,0,0,0,0,1,0,0,0,0,0,0,0,0
MJX8SF75,63,17,1,0,0,0,0,1,0,0,1,0,0,0,0,0,0,0,1
N1UBD7H4,55,17,1,0,0,1,0,0,0,0,0,0,0,0,0,1,0,0,2
N2DVTK4K,53,18,1,0,0,1,0,0,0,0,0,0,0,0,0,0,0,1,1
N2PUJ8TH,74,17,1,2,0,0,0,0,0,0,0,0,0,0,2,0,0,0,3
N4GJDL4M,59,17,1,0,0,0,0,0,0,0,0,0,1,1,0,0,0,0,0
N4Q1R2IV,49,17,1,0,0,0,0,0,0,0,0,0,0,1,0,0,0,0,0
N4SR531G,72,18,1,1,0,0,0,2,0,0,0,0,0,0,0,0,0,0,0
N73DC564,48,17,1,0,0,0,0,0,0,0,0,0,0,0,0,0,0,1,2
N7TKEJ7D,50,18,1,1,0,0,0,0,0,0,0,0,0,0,0,0,0,0,0
N7ZHZS3P,57,17,1,0,0,1,0,0,1,0,0,0,0,0,0,0,0,0,0
N9CQZ3DZ,59,17,1,0,0,1,0,0,0,0,0,0,0,1,0,0,0,0,1
N9D58KZ1,53,17,1,0,1,1,0,0,0,0,0,0,0,0,0,0,0,0,0
N9MCNWNK,50,17,1,0,0,0,0,0,1,0,0,0,0,0,0,0,0,0,0
N9Q2KQYA,50,17,1,0,0,0,0,0,1,0,0,0,0,0,0,0,0,0,0
NBYPMBM2,52,18,1,0,0,0,0,0,0,0,0,0,0,0,1,0,0,1,2
NUK9PJDZ,71,18,1,2,0,0,1,0,0,0,0,0,0,0,0,0,0,0,0
NEA9FKX7,50,18,1,0,0,0,0,0,0,0,1,0,0,0,0,0,0,0,0
NHOC6WK5,49,17,1,0,0,0,0,0,0,1,0,0,0,0,0,0,0,0,0
N4SUIC9T,49,17,1,0,0,0,0,0,0,0,0,0,0,1,0,0,0,0,0
NKM13IMW,51,19,1,0,0,1,0,0,0,0,0,0,0,0,0,0,0,0,1
NM5ULUQ3,50,18,1,0,0,0,0,0,0,0,0,1,0,0,0,0,0,0,0
NOZBHMJ3,71,17,1,0,0,0,0,0,2,0,0,0,0,1,0,0,0,0,0
O4RRQ1ON,48,17,1,0,0,0,0,0,0,0,0,0,0,0,0,0,0,1,2
NRWI7RCK,49,17,1,0,0,0,0,0,0,0,0,1,0,0,0,0,0,0,0
NT2SZSFS,49,17,1,0,0,0,0,0,0,0,0,0,1,0,0,0,0,0,0
NCDE4UL9,48,17,1,0,0,0,0,0,0,0,0,0,0,0,0,0,0,1,2
NWLQ1DA3,56,17,1,1,1,0,0,0,0,0,0,0,0,0,0,0,0,0,0
NXJ6MOAH,55,17,1,1,0,0,0,0,0,0,0,0,0,0,0,0,1,0,1
NYVNH8Z5,52,17,1,0,0,0,0,0,0,1,0,0,0,0,0,0,0,0,1
NZ6JVKR1,58,17,1,1,0,0,0,0,0,0,0,0,0,0,0,1,0,0,2
NZJ3U2XE,49,17,1,1,0,0,0,0,0,0,0,0,0,0,0,0,0,0,0
O23JSORB,51,17,1,0,0,0,0,0,0,0,0,0,0,0,0,2,0,0,2
O2PB7HZA,56,17,1,0,0,0,0,0,1,0,0,0,0,0,0,1,0,0,1
O4ICRIVV,50,18,1,0,0,0,0,0,0,0,0,0,0,1,0,0,0,0,0
NPB7UC8R,67,17,1,0,0,1,1,0,0,0,0,0,0,1,0,0,0,0,0
O5H4FYGN,52,17,1,0,0,0,0,0,0,0,0,1,0,0,0,0,0,0,1
O6LPB7LQ,49,17,1,0,0,1,0,0,0,0,0,0,0,0,0,0,0,0,1
O8GOMII7,49,17,1,0,1,0,0,0,0,0,0,0,0,0,0,0,0,0,1
O9K42ZVQ,53,17,1,0,0,0,0,0,1,0,0,0,0,0,0,0,0,0,1
O9VPZK6F,52,17,1,0,0,0,0,0,0,0,1,0,0,0,0,0,0,0,1
OAKOA6AL,50,17,1,0,0,0,1,0,0,0,0,0,0,0,0,0,0,0,0
OAY9AQZ3,48,17,1,0,0,0,0,0,0,0,0,0,0,0,0,0,0,1,2
OBN2DBKF,56,17,1,0,0,0,0,0,1,0,0,0,0,0,0,0,0,0,2
OD3RI86M,62,17,1,0,1,0,0,0,0,0,0,0,0,1,0,0,0,0,2
ODFL1QK2,50,17,1,0,0,0,0,0,1,0,0,0,0,0,0,0,0,0,0
OEM2W5YV,49,17,1,0,0,0,0,0,0,0,0,0,1,0,0,0,0,0,0
OEW2FCWV,49,17,1,1,0,0,0,0,0,0,0,0,0,0,0,0,0,0,0
OF3BFP3N,49,17,1,1,0,0,0,0,0,0,0,0,0,0,0,0,0,0,0
OGRED2TD,51,17,1,0,0,0,0,0,0,0,0,0,0,0,2,0,0,0,2
OIVNC6YB,52,17,1,0,0,0,0,0,0,0,0,0,1,0,0,0,0,0,1
OKI3M8E3,49,17,1,0,0,0,0,0,0,0,1,0,0,0,0,0,0,0,0
ON1PW5CM,56,18,1,1,0,0,0,0,0,0,0,0,0,0,0,0,0,0,2
P4SAY2PZ,53,19,1,0,0,0,0,0,0,0,0,0,0,0,0,1,1,0,2
OPJK721W,50,18,1,0,0,0,0,0,0,0,0,1,0,0,0,0,0,0,0
OR1YGCGN,48,17,1,0,0,0,0,0,0,0,0,0,0,0,1,0,0,0,2
ORLVUBM3,49,17,1,1,0,0,0,0,0,0,0,0,0,0,0,0,0,0,0
OS3WOD53,52,17,1,1,0,0,0,0,0,0,0,0,0,0,0,0,0,0,1
OUSQT2KE,50,17,1,0,0,0,0,0,1,0,0,0,0,0,0,0,0,0,0
OV2EECW5,49,17,1,0,0,0,0,0,0,0,0,0,1,0,0,0,0,0,0
OV4NQAPP,51,17,1,0,0,0,0,0,0,0,0,0,0,0,1,1,0,0,2
OWUGVEXB,48,17,1,0,0,0,0,0,0,0,0,0,0,0,0,0,0,1,2
P3M9UGIU,58,17,1,1,0,0,0,0,0,0,0,0,0,0,0,0,0,1,2
ONEVTET1,70,17,1,1,0,0,0,1,0,0,0,0,1,0,0,0,0,0,0
PFMVRY2S,57,19,1,0,0,0,0,0,0,1,0,0,0,0,0,1,0,0,1
P5SNO3KK,65,20,1,0,0,1,0,0,0,0,0,1,0,0,1,0,0,0,1
P6AWUHL4,50,18,1,0,0,0,0,0,0,1,0,0,0,0,0,0,0,0,0
P6T5519D,50,21,1,0,0,1,0,0,0,0,0,0,0,0,0,0,0,0,0
P8YSJPUX,61,17,1,0,0,0,1,1,0,0,0,0,0,0,0,0,0,0,0
PI1HHU6M,49,17,1,0,0,0,0,0,0,0,0,0,1,0,0,0,0,0,0
PA351HDR,56,17,1,0,1,0,0,0,0,0,0,0,0,1,0,0,0,0,0
PARNRPUF,48,17,1,0,0,0,0,0,0,0,0,0,0,0,0,1,0,0,2
PBFPRQL3,51,17,1,0,0,0,0,0,0,0,0,0,0,0,0,1,0,1,2
PBQO63QO,52,17,1,0,0,0,0,0,0,0,1,0,0,0,0,0,0,0,1
PDEPEPM2,49,17,1,1,0,0,0,0,0,0,0,0,0,0,0,0,0,0,0
PDM9AOJ7,58,17,1,1,0,0,0,0,0,0,0,0,0,0,0,0,0,1,2
P5G8EBU4,49,17,1,0,0,0,0,0,0,0,1,0,0,0,0,0,0,0,0
PFQLGWQ5,51,18,1,0,0,0,0,1,0,0,0,0,0,0,0,0,0,0,0
PG233LRB,49,17,1,0,1,0,0,0,0,0,0,0,0,0,0,0,0,0,1
PGEUUTIX,48,17,1,0,0,0,0,0,0,0,0,0,0,0,0,0,0,1,2
PGU7R6JZ,53,17,1,0,0,0,0,0,1,0,0,0,0,0,0,0,0,0,1
P8ZI9YFT,50,17,1,0,0,0,1,0,0,0,0,0,0,0,0,0,0,0,0
PJ1SC228,63,17,1,1,0,0,0,0,1,0,0,0,0,0,0,0,0,0,1
PJ5X8A55,50,17,1,0,0,0,1,0,0,0,0,0,0,0,0,0,0,0,0
PLMC5AF5,58,17,1,0,1,0,0,0,0,0,0,0,0,0,1,0,0,1,2
PMFN5E75,49,17,1,0,0,0,0,0,0,0,0,0,1,0,0,0,0,0,0
PNNXC11N,55,17,1,0,0,0,0,0,0,0,0,1,0,0,0,0,0,1,1
PNN2R1J7,53,17,1,0,1,1,0,0,0,0,0,0,0,0,0,0,0,0,0
PNV886NE,61,17,1,0,0,0,0,0,0,0,1,0,0,0,0,0,2,0,2
PO2LKGP6,49,17,1,0,0,0,0,0,0,0,1,0,0,0,0,0,0,0,0
POCAAW9X,52,17,1,0,0,1,0,0,0,0,0,0,0,0,0,0,1,0,1
PPIJ3UVH,62,17,1,0,0,1,0,0,0,0,0,1,0,0,0,0,1,0,1
PPK6VS5O,66,17,1,0,0,1,0,0,0,1,0,0,1,0,0,0,0,0,0
PPODG8XB,56,17,1,0,0,0,1,0,0,0,0,0,0,0,0,0,0,0,2
PPZO5W4Z,49,17,1,0,0,0,0,0,0,1,0,0,0,0,0,0,0,0,0
PR8GI9QU,58,19,1,0,1,0,0,0,0,0,1,0,0,0,0,0,0,0,0
PRBUJV4G,62,19,1,0,0,0,1,0,0,0,0,0,0,1,0,0,0,0,0
PRJAYPZT,49,17,1,0,0,0,0,0,0,0,0,0,0,1,0,0,0,0,0
PRVPJBEQ,56,18,1,0,0,0,0,0,0,0,0,0,0,1,1,0,0,0,1
PT1UFNHD,64,17,1,0,0,0,1,0,1,0,0,0,0,0,0,0,0,0,1
PU29VEYH,52,17,0,0,1,1,0,0,1,0,0,1,0,0,0,0,0,0,0
PUML2TN3,61,17,1,0,0,1,0,0,0,0,0,0,0,0,0,0,0,1,4
PXY1FS2M,52,19,1,0,0,0,0,0,1,0,0,0,0,0,0,0,0,0,0
PZCYCG1X,55,17,1,0,0,0,0,0,0,0,0,0,0,1,0,1,0,0,1
QF97VPZT,65,17,1,0,1,0,0,0,0,0,0,1,0,0,0,1,0,0,2
Q1F73N5J,49,17,1,0,0,0,0,0,0,0,0,0,0,1,0,0,0,0,0
Q6G2J8S4,48,17,1,0,0,0,0,0,0,0,0,0,0,0,0,1,0,0,2
Q6E3OPMF,59,17,1,1,0,0,0,0,0,0,0,0,0,1,0,0,0,0,0
Q6GUZBG2,49,17,1,0,0,0,0,0,0,0,0,0,1,0,0,0,0,0,0
Q6NRRPKD,52,17,1,1,0,0,0,0,0,0,0,0,0,0,0,0,0,0,1
Q8O5MIU4,51,17,1,0,0,0,0,0,0,0,0,0,0,0,0,1,0,1,2
QA985Z6T,49,17,1,0,0,0,0,0,0,0,0,0,1,0,0,0,0,0,0
QB5W4CMZ,55,17,1,0,0,0,0,0,0,1,0,0,0,0,0,0,0,0,2
QC92PTN6,48,17,1,0,0,0,0,0,0,0,0,0,0,0,0,1,0,0,2
QDS1OH7F,50,17,1,0,0,0,0,0,1,0,0,0,0,0,0,0,0,0,0
QDXROOYT,52,17,1,0,0,0,0,0,0,1,0,0,0,0,0,0,0,0,1
PZQDJI3D,53,18,1,0,0,0,0,0,0,0,0,0,0,1,0,0,0,0,1
QG8M9KSN,59,18,1,0,1,0,0,0,0,0,0,0,0,0,0,1,0,0,3
QHM5XQS8,49,17,1,1,0,0,0,0,0,0,0,0,0,0,0,0,0,0,0
QH8QOXLV,49,17,1,0,0,0,0,0,0,0,0,0,0,1,0,0,0,0,0
QITVQIS5,57,17,0,1,0,0,0,0,1,0,1,0,0,0,0,1,0,0,2
QZ7ZLBEY,58,17,1,1,0,0,0,0,0,0,0,0,0,0,0,0,0,1,2
QLDZOLP8,63,18,1,1,1,0,0,0,0,0,0,0,0,0,0,0,0,1,1
QOT4ZCVK,64,18,1,1,0,0,0,0,1,0,0,0,0,0,0,0,0,0,1
QPXBSSUJ,51,18,1,0,0,0,0,1,0,0,0,0,0,0,0,0,0,0,0
QS29DUU8,59,17,1,2,0,0,0,0,0,0,0,0,0,0,0,0,0,0,0
QUYAL5AD,56,17,1,0,0,2,0,0,0,0,0,0,0,0,0,0,0,0,1
QV7S1S4N,55,20,1,0,0,0,0,0,0,1,0,0,0,0,0,0,0,0,1
QW99HIB2,49,17,1,0,0,1,0,0,0,0,0,0,0,0,0,0,0,0,1
QXJECYJP,48,17,1,0,0,0,0,0,0,0,0,0,0,0,0,0,1,0,2
QXA3TTAA,61,17,1,0,0,0,0,0,0,0,0,1,0,0,0,1,1,0,2
QWZE1N1Y,62,18,2,0,0,0,0,0,0,0,0,0,0,0,0,0,0,0,0
QZGGJFG3,52,18,1,0,0,0,0,0,0,0,0,0,0,0,0,1,1,0,2
R14JV461,49,17,1,0,0,0,0,0,0,0,0,0,1,0,0,0,0,0,0
R56Z7W6M,55,17,1,0,0,0,0,0,0,0,0,1,0,0,0,0,0,1,1
R9LHUD8V,49,17,1,0,0,0,0,0,0,0,0,0,0,1,0,0,0,0,0
RADWDF2P,60,17,1,1,0,0,0,0,1,0,0,0,0,0,0,0,0,0,0
RBOXN9RQ,48,17,1,0,0,0,0,0,0,0,0,0,0,0,1,0,0,0,2
RBUIHWVL,49,17,1,0,0,0,0,0,0,0,0,0,0,1,0,0,0,0,0
RCAZABXD,53,18,1,0,0,0,0,0,0,0,0,0,0,1,0,0,0,0,1
REWMZRF2,52,17,1,0,1,0,0,0,0,0,0,0,0,0,0,0,0,1,1
RG9LRENC,52,17,1,0,0,0,0,0,0,0,0,1,0,0,0,0,0,0,1
RGJRK88Q,52,17,1,0,1,0,0,0,0,0,0,0,0,0,0,0,0,1,1
RIBFARJE,49,17,1,1,0,0,0,0,0,0,0,0,0,0,0,0,0,0,0
RIH973YW,59,17,1,1,0,0,0,0,0,0,0,0,0,1,0,0,0,0,0
RJ1HKA2X,55,17,1,1,0,0,0,0,0,0,0,0,0,0,0,0,0,1,1
RIWVWUPL,49,17,1,0,0,0,0,0,0,0,0,0,0,1,0,0,0,0,0
RJ8A1BMN,56,18,1,0,0,0,0,0,0,0,1,0,0,0,0,1,0,0,1
RKCE7LS4,56,18,1,0,0,0,0,0,0,0,1,0,0,0,1,0,0,0,1
RLH4EBME,49,17,1,0,1,0,0,0,0,0,0,0,0,0,0,0,0,0,1
RMBVZASB,53,17,1,0,0,0,0,0,1,0,0,0,0,0,0,0,0,0,1
RO4D13SE,66,19,1,0,0,0,1,1,0,0,0,0,0,0,0,0,0,0,1
ROMLDYNO,55,17,1,0,0,0,0,0,0,0,0,1,0,0,0,1,0,0,1
RP41A37A,60,17,1,0,0,0,1,0,0,1,0,0,0,0,0,0,0,0,0
RP3AHM7A,48,17,1,0,0,0,0,0,0,0,0,0,0,0,0,0,1,0,2
RPTBY2F8,52,17,1,0,0,0,0,0,0,0,0,0,1,0,0,0,0,0,1
RQOY49V9,48,17,1,0,0,0,0,0,0,0,0,0,0,0,0,0,1,0,2
RRSJZS3A,57,18,1,0,1,1,0,0,0,0,0,0,0,0,0,0,0,0,1
RRHU6SRW,49,17,1,1,0,0,0,0,0,0,0,0,0,0,0,0,0,0,0
RSHA3AB5,61,17,1,1,0,0,0,0,0,0,0,0,0,0,0,0,1,1,2
RSTSEAY3,48,17,1,0,0,0,0,0,0,0,0,0,0,0,0,0,0,0,3
SBUYQOD7,60,17,1,1,0,0,1,0,0,0,0,0,0,0,0,0,0,0,0
SD5O6XV9,57,17,1,0,1,0,0,1,0,0,0,0,0,0,0,0,0,0,0
RWY4ASSD,66,17,1,0,0,0,0,1,0,0,0,1,0,0,0,0,1,0,1
RZD2WHZH,50,17,1,0,0,0,0,1,0,0,0,0,0,0,0,0,0,0,0
S3IK5FOV,49,17,1,0,0,0,0,0,0,0,0,0,0,1,0,0,0,0,0
S4FASLJ5,48,17,1,0,0,0,0,0,0,0,0,0,0,0,0,0,0,0,3
S55RAKNI,55,17,1,0,0,0,0,0,0,1,0,0,0,0,0,0,1,0,1
S5XRQ4P3,52,17,1,0,0,0,0,0,0,0,0,0,0,1,0,0,0,0,1
S6V6K8S6,49,17,1,0,0,0,0,0,0,0,0,0,0,1,0,0,0,0,0
S8NW1Y67,49,17,1,0,0,0,0,0,0,0,0,1,0,0,0,0,0,0,0
S9W58OWR,60,17,1,0,0,0,1,0,0,0,0,0,0,1,0,0,0,0,0
SCTAY6N7,55,17,1,0,0,1,0,0,0,0,0,0,0,0,0,1,0,0,2
RWTU1E9I,50,18,1,1,0,0,0,0,0,0,0,0,0,0,0,0,0,0,0
SD827HIF,55,17,1,1,0,0,0,0,0,0,0,0,0,0,0,0,0,1,1
SES5SLYJ,62,17,1,0,0,1,0,0,0,0,1,0,0,0,0,0,1,0,1
SHBXAOWJ,52,17,1,0,1,0,0,0,0,0,0,0,0,0,0,0,0,1,1
SHIKXOAJ,64,18,1,1,0,0,0,1,0,0,0,0,0,0,0,0,0,0,1
SICMBLEY,49,17,1,0,0,0,0,0,0,0,0,1,0,0,0,0,0,0,0
SJTWVXIH,52,17,1,0,0,0,0,0,0,1,0,0,0,0,0,0,0,0,1
SKEMQL2F,49,17,1,0,0,0,0,0,0,0,1,0,0,0,0,0,0,0,0
SLAKHUDB,49,17,1,0,0,0,0,0,0,0,1,0,0,0,0,0,0,0,0
SKU7RQ57,56,17,1,1,1,0,0,0,0,0,0,0,0,0,0,0,0,0,0
SXU4RPPQ,49,17,1,1,0,0,0,0,0,0,0,0,0,0,0,0,0,0,0
SOTA17IP,48,17,1,0,0,0,0,0,0,0,0,0,0,0,0,0,0,0,3
SP6FVD3K,49,17,1,0,0,0,0,0,0,0,0,0,1,0,0,0,0,0,0
T15TWRQ9,59,17,1,1,0,0,0,0,0,0,0,0,0,1,0,0,0,0,0
SQM6G15F,55,17,1,0,0,0,0,0,0,0,0,0,1,0,0,0,1,0,1
SRK1D9FT,66,18,1,0,0,0,0,0,0,0,0,1,1,0,0,0,1,0,1
SRPVU7SX,50,17,1,0,0,0,0,1,0,0,0,0,0,0,0,0,0,0,0
SSBZHRAB,49,17,1,0,0,0,0,0,0,0,0,1,0,0,0,0,0,0,0
SSM9TOHW,51,18,1,0,0,0,1,0,0,0,0,0,0,0,0,0,0,0,0
SVDE1MUI,49,17,1,0,0,0,0,0,0,0,0,1,0,0,0,0,0,0,0
SVNWRZ3L,49,17,1,0,0,0,0,0,0,0,0,1,0,0,0,0,0,0,0
SWBW9D7V,48,17,1,0,0,0,0,0,0,0,0,0,0,0,0,1,0,0,2
SWOISRPU,63,17,1,0,2,0,0,0,0,0,1,0,0,0,0,0,0,0,0
SYDD3ZM8,54,17,1,0,0,0,0,0,0,0,0,0,0,0,0,0,1,1,3
SY6H1FON,50,17,1,0,0,0,1,0,0,0,0,0,0,0,0,0,0,0,0
SQRGX1P6,52,17,1,0,0,0,0,0,0,0,0,0,1,0,0,0,0,0,1
T298RSQQ,53,17,1,0,0,0,0,0,1,0,0,0,0,0,0,0,0,0,1
T4O9X3QH,52,17,1,0,0,0,0,0,0,0,1,0,0,0,0,0,0,0,1
T6KIQXZL,49,17,1,1,0,0,0,0,0,0,0,0,0,0,0,0,0,0,0
T763B9SH,49,17,1,0,0,0,0,0,0,0,0,0,1,0,0,0,0,0,0
T7H5G4C7,49,17,1,0,0,0,0,0,0,1,0,0,0,0,0,0,0,0,0
TL6MC2CI,56,17,1,0,0,2,0,0,0,0,0,0,0,0,0,0,0,0,1
T86I78EP,49,17,1,0,0,0,0,0,0,1,0,0,0,0,0,0,0,0,0
T8AZQ6R2,59,17,1,0,0,0,0,0,0,1,0,1,0,0,0,0,0,0,0
T8EILJ8V,65,17,1,0,0,1,0,0,0,0,1,0,0,0,0,0,1,0,2
TCR4ZPSO,67,18,1,0,0,0,0,1,0,0,0,0,1,0,0,0,0,0,2
TCL2RCAF,56,17,0,1,0,1,0,0,0,0,0,1,0,0,0,0,1,1,2
TCY6PFZW,52,17,1,0,0,0,0,0,0,0,1,0,0,0,0,0,0,0,1
TD2CLLIH,49,17,1,0,0,0,0,0,0,0,1,0,0,0,0,0,0,0,0
TDP83SI9,49,17,1,0,0,0,0,0,0,0,0,0,1,0,0,0,0,0,0
TJBMN16H,48,17,1,0,0,0,0,0,0,0,0,0,0,0,0,0,1,0,2
TJJ8NS7O,59,17,1,0,0,0,0,0,0,1,0,0,1,0,0,0,0,0,0
TIXK47R3,52,17,1,0,1,0,0,0,0,0,0,0,0,0,0,0,0,0,2
TK9V8L34,62,17,1,0,0,0,0,0,0,1,0,0,0,1,0,0,0,0,1
TKNRHTV2,50,17,1,0,0,0,0,1,0,0,0,0,0,0,0,0,0,0,0
TP32OAEW,52,17,1,1,0,0,0,0,0,0,0,0,0,0,0,0,0,0,1
TPTVPSX3,60,18,1,0,0,2,0,0,0,0,0,0,0,0,0,1,0,0,1
U5VZCPSD,57,17,1,0,0,1,0,1,0,0,0,0,0,0,0,0,0,0,0
TPZRV1FV,59,17,1,1,0,0,0,0,0,1,0,0,0,0,0,0,0,0,0
TRO4ARKF,49,17,1,0,0,0,0,0,0,0,0,1,0,0,0,0,0,0,0
TSGVDLON,50,18,1,1,0,0,0,0,0,0,0,0,0,0,0,0,0,0,0
TWKL11J6,58,17,1,0,0,0,0,0,0,1,0,0,0,0,0,0,0,1,2
TX5MY43H,56,17,1,1,1,0,0,0,0,0,0,0,0,0,0,0,0,0,0
TX8KV6MF,59,17,1,0,0,0,0,0,0,0,0,1,1,0,0,0,0,0,0
TYBTS527,63,17,1,0,0,0,1,0,0,0,1,0,0,0,0,0,0,0,1
TZ8NST5P,49,17,1,0,1,0,0,0,0,0,0,0,0,0,0,0,0,0,1
U19WTIWE,77,17,1,0,1,0,0,1,0,1,0,1,0,0,0,0,0,0,0
U51EWGZB,50,17,1,0,0,0,0,1,0,0,0,0,0,0,0,0,0,0,0
U7JXKBKD,49,17,1,1,0,0,0,0,0,0,0,0,0,0,0,0,0,0,0
U84HI4DS,60,17,1,0,0,0,0,1,0,0,1,0,0,0,0,0,0,0,0
U9LIXXNC,50,18,1,0,0,0,0,0,0,0,0,1,0,0,0,0,0,0,0
UDA3ORIO,49,17,1,0,0,0,0,0,0,0,1,0,0,0,0,0,0,0,0
UFAZWDSZ,48,17,1,0,0,0,0,0,0,0,0,0,0,0,0,0,0,1,2
UF552IU4,64,17,1,0,0,0,0,0,0,0,0,0,0,1,1,0,0,1,3
TX6KS4BY,49,17,1,0,0,0,0,0,0,0,1,0,0,0,0,0,0,0,0
UHXRAZIV,49,17,1,0,0,0,0,0,0,0,0,0,1,0,0,0,0,0,0
V2PGL8PL,56,17,1,0,1,0,0,0,0,1,0,0,0,0,0,0,0,0,0
UM7BZ97J,49,17,1,0,0,0,0,0,0,0,1,0,0,0,0,0,0,0,0
UOCRUM61,56,18,1,0,0,0,0,0,0,0,0,0,0,1,0,0,1,0,1
UQ5IYCKW,49,17,1,0,0,0,0,0,0,0,0,0,1,0,0,0,0,0,0
UT4DNTGQ,56,17,1,0,0,0,1,0,0,0,0,0,0,0,1,0,0,0,1
UTM4BM1S,53,17,1,0,1,1,0,0,0,0,0,0,0,0,0,0,0,0,0
UUN4EK2C,48,17,1,0,0,0,0,0,0,0,0,0,0,0,0,1,0,0,2
UX63RYUK,49,18,1,0,0,0,0,0,0,0,0,0,0,0,0,0,1,0,2
UZ69JUGG,49,17,1,0,0,0,0,0,0,1,0,0,0,0,0,0,0,0,0
UZAQQ1BS,49,17,1,0,0,0,0,0,0,1,0,0,0,0,0,0,0,0,0
V2HTEN9T,60,17,1,1,0,0,0,1,0,0,0,0,0,0,0,0,0,0,0
V2JD1OZZ,57,18,1,0,0,1,0,0,0,0,1,0,0,0,0,0,0,0,0
V2LPBWNG,51,17,1,0,0,0,0,0,0,0,0,0,0,0,0,1,0,1,2
UKSXR5R9,69,17,1,0,0,0,1,0,0,0,0,0,0,1,1,0,0,0,2
V5D8MRXC,59,17,1,1,0,0,0,0,0,0,0,0,1,0,0,0,0,0,0
V5KDN87O,50,17,1,0,0,0,0,1,0,0,0,0,0,0,0,0,0,0,0
V5U5OK2N,51,17,1,0,0,0,0,0,0,0,0,0,0,0,0,0,0,2,2
V7DGRX8K,49,17,1,0,1,0,0,0,0,0,0,0,0,0,0,0,0,0,1
V9CBIOCE,51,19,1,0,0,0,0,0,0,0,1,0,0,0,0,0,0,0,0
V9Y2GGXR,60,17,1,1,0,0,0,0,1,0,0,0,0,0,0,0,0,0,0
VC55SGC5,52,17,1,0,0,0,0,0,0,1,0,0,0,0,0,0,0,0,1
VCK4C4RB,49,17,1,0,0,0,0,0,0,0,0,0,1,0,0,0,0,0,0
VEHML3VA,60,17,1,0,0,0,0,1,0,0,1,0,0,0,0,0,0,0,0
VESVCSG8,56,17,1,0,0,1,0,0,0,0,0,0,0,1,0,0,0,0,0
VEL95KP6,53,18,1,0,0,1,0,0,0,0,0,0,0,0,1,0,0,0,1
VFZ156NS,52,17,1,0,0,0,0,0,0,0,1,0,0,0,0,0,0,0,1
VHO8Q9O3,49,18,1,0,0,0,0,0,0,0,0,0,0,0,0,0,0,0,3
VIK5ENEU,57,18,1,1,0,1,0,0,0,0,0,0,0,0,0,0,0,0,0
VSUI5OMC,49,17,1,0,0,0,0,0,0,0,0,0,0,1,0,0,0,0,0
VJQXUFZI,49,17,1,0,1,0,0,0,0,0,0,0,0,0,0,0,0,0,1
VLTV4A1Y,52,17,1,0,0,1,0,0,0,0,0,0,0,0,1,0,0,0,1
VLQTX1VU,50,17,1,0,0,0,1,0,0,0,0,0,0,0,0,0,0,0,0
VMMXDDN9,50,18,1,0,0,0,0,0,0,0,1,0,0,0,0,0,0,0,0
VMONMSN9,51,18,1,0,0,0,0,0,1,0,0,0,0,0,0,0,0,0,0
VNSVMNSQ,59,17,1,1,0,0,0,0,0,0,0,1,0,0,0,0,0,0,0
VO7E167Y,60,18,1,0,2,0,0,0,0,0,0,0,0,0,0,1,0,0,1
VO9IYYCM,56,17,1,1,0,1,0,0,0,0,0,0,0,0,0,0,0,0,0
VQ3HOMXU,48,17,1,0,0,0,0,0,0,0,0,0,0,0,0,0,0,1,2
VQPMKG46,50,18,1,0,0,0,0,0,0,0,0,0,0,1,0,0,0,0,0
VQWWH1QF,48,17,1,0,0,0,0,0,0,0,0,0,0,0,0,0,0,1,2
VSOF3P99,52,17,1,0,0,1,0,0,0,0,0,0,0,0,0,0,0,1,1
VJ8YCKDT,49,17,1,0,0,0,0,0,0,0,0,1,0,0,0,0,0,0,0
VTBX5ZTL,48,17,1,0,0,0,0,0,0,0,0,0,0,0,0,1,0,0,2
VVTJFE2J,52,17,1,0,0,0,0,0,0,1,0,0,0,0,0,0,0,0,1
VWGVRYZI,53,17,1,0,0,0,1,0,0,0,0,0,0,0,0,0,0,0,1
VX1AA455,49,17,1,0,0,1,0,0,0,0,0,0,0,0,0,0,0,0,1
VXUKFYZ8,49,17,1,0,0,0,0,0,0,0,1,0,0,0,0,0,0,0,0
WBVK2ZBJ,56,17,1,0,1,1,0,0,0,0,0,0,0,0,0,0,0,0,1
WCFVZNGA,48,16,1,0,0,1,0,0,0,0,0,0,0,0,0,0,0,0,1
W4E6H4SW,56,17,1,0,0,0,0,0,1,0,0,0,0,0,0,1,0,0,1
W4JTX8CY,49,17,1,1,0,0,0,0,0,0,0,0,0,0,0,0,0,0,0
W5D98GJK,50,17,1,0,0,0,0,0,1,0,0,0,0,0,0,0,0,0,0
W5O7TLMZ,49,17,1,1,0,0,0,0,0,0,0,0,0,0,0,0,0,0,0
W6Y7CMPJ,49,17,1,0,0,0,0,0,0,0,1,0,0,0,0,0,0,0,0
W7QJGIEE,55,17,1,1,0,0,0,0,0,0,0,0,0,0,0,0,0,1,1
WK9P4T8P,49,17,1,0,0,0,0,0,0,0,0,0,1,0,0,0,0,0,0
W82KQ25V,59,17,1,1,1,0,0,0,0,0,0,0,0,0,0,0,0,0,1
W8JWKAEJ,65,17,1,2,0,0,0,0,0,0,0,0,0,0,0,0,0,0,2
W9HJIQ5Z,48,17,1,0,0,0,0,0,0,0,0,0,0,0,0,0,1,0,2
WA51ORGZ,59,17,1,0,0,0,0,0,0,0,0,1,0,1,0,0,0,0,0
WQQY733X,50,18,1,0,0,0,0,0,0,1,0,0,0,0,0,0,0,0,0
W2JNHAP1,60,18,1,0,1,0,0,0,0,1,0,0,0,0,0,0,0,0,1
W37H1ABB,52,18,1,0,0,0,0,0,0,0,0,0,0,0,0,0,0,2,2
WDYY3VIY,50,17,1,0,0,0,0,1,0,0,0,0,0,0,0,0,0,0,0
WE9W3INM,50,17,1,0,0,0,0,0,1,0,0,0,0,0,0,0,0,0,0
WGXAEN5S,58,17,1,0,0,0,0,0,0,0,0,0,0,1,0,1,0,0,2
WIPM53N1,49,17,1,0,0,0,0,0,0,0,0,1,0,0,0,0,0,0,0
WN1JY4X9,49,17,1,1,0,0,0,0,0,0,0,0,0,0,0,0,0,0,0
WNO1W943,48,17,1,0,0,0,0,0,0,0,0,0,0,0,0,0,1,0,2
WPOT6F1P,51,17,1,0,0,0,0,0,0,0,0,0,0,0,0,0,2,0,2
WPNG3BUR,51,17,1,0,0,0,0,0,0,0,0,0,0,0,1,0,1,0,2
WQDIMJ34,53,18,1,0,0,0,0,0,0,0,0,0,0,1,0,0,0,0,1
WBQO61NM,55,18,1,0,0,0,0,0,0,0,0,0,0,0,1,0,0,1,3
WSRQBYR1,55,17,1,0,0,0,0,0,0,0,0,0,1,0,0,0,1,0,1
WSS5VT67,68,17,1,0,1,0,0,2,0,0,0,0,0,0,0,0,0,0,0
WSYOJ5NT,52,18,1,0,0,0,0,0,0,0,0,0,0,0,0,0,0,2,2
WT49I2I7,52,17,1,0,1,0,0,0,0,0,0,0,0,0,0,0,0,0,2
WTSMLHK4,69,17,1,0,0,2,0,0,0,0,0,0,1,0,0,0,1,0,1
WUMZ85OT,50,17,1,0,0,0,0,1,0,0,0,0,0,0,0,0,0,0,0
WVAYOQV8,49,17,1,0,0,0,0,0,0,0,0,0,0,1,0,0,0,0,0
WVBBXDAA,65,17,1,0,0,0,0,0,0,0,0,1,0,1,0,1,0,0,1
WVSEFA65,62,17,1,0,0,1,0,0,0,0,1,0,0,0,0,0,1,0,1
WW1XZL1S,61,17,1,1,0,0,0,0,0,0,0,0,0,0,0,0,0,2,2
WY7ANL4C,53,17,1,0,2,0,0,0,0,0,0,0,0,0,0,0,0,0,0
X1CH6949,56,17,1,1,1,0,0,0,0,0,0,0,0,0,0,0,0,0,0
X1SHF7TR,49,17,1,0,0,0,0,0,0,0,0,0,1,0,0,0,0,0,0
X28JEFEY,55,17,1,0,0,0,0,0,0,0,0,0,1,0,1,0,0,0,1
X2KPIIG9,48,17,1,0,0,0,0,0,0,0,0,0,0,0,0,0,1,0,2
X3LDVSRF,58,17,1,0,0,0,0,0,0,0,1,0,0,0,0,1,0,0,2
X3NYZGUH,55,17,1,0,0,0,0,0,0,0,1,0,0,0,0,0,0,0,2
X4RSPSBL,50,17,1,0,0,0,1,0,0,0,0,0,0,0,0,0,0,0,0
WT4R9LJH,55,17,1,0,0,0,0,0,0,0,0,0,0,1,0,1,0,0,1
X56QFBC4,48,17,1,0,0,0,0,0,0,0,0,0,0,0,0,0,1,0,2
X56URS3I,49,17,1,0,0,0,0,0,0,0,0,1,0,0,0,0,0,0,0
X5DNL26W,66,17,1,0,2,0,0,0,0,0,0,0,0,1,0,0,0,0,1
X7FFJIWS,50,17,1,0,0,0,0,0,1,0,0,0,0,0,0,0,0,0,0
X7OI37RM,55,17,1,0,0,0,0,0,0,0,0,0,1,0,0,0,1,0,1
XA8LHHUV,49,17,1,0,0,0,0,0,0,0,0,1,0,0,0,0,0,0,0
XBR4XWZP,49,17,1,1,0,0,0,0,0,0,0,0,0,0,0,0,0,0,0
XFR8XGSS,59,17,1,1,0,0,0,0,0,0,0,1,0,0,0,0,0,0,0
XFS1P97P,56,17,1,0,1,0,0,0,0,0,0,0,0,1,0,0,0,0,0
XG4LMUR6,53,17,1,0,0,0,1,0,0,0,0,0,0,0,0,0,0,0,1
XI5HNNEC,50,17,1,0,0,0,0,0,1,0,0,0,0,0,0,0,0,0,0
XMJCCNJ1,55,17,1,0,0,0,0,0,0,0,1,0,0,0,0,0,1,0,1
XMQOLOEW,50,18,1,0,0,0,0,0,0,0,0,0,0,1,0,0,0,0,0
XMUCDLTO,48,17,1,0,0,0,0,0,0,0,0,0,0,0,0,0,1,0,2
XPDE9DL5,49,18,1,0,0,0,0,0,0,0,0,0,0,0,0,0,1,0,2
XQK2M4O9,49,17,1,0,0,1,0,0,0,0,0,0,0,0,0,0,0,0,1
XSTA54PN,53,18,1,0,0,0,0,0,0,0,0,0,0,1,0,0,0,0,1
XSP4KYON,49,17,1,0,0,0,0,0,0,0,0,0,0,1,0,0,0,0,0
XUO2LG4V,48,17,1,0,0,0,0,0,0,0,0,0,0,0,0,0,0,1,2
XV5T6NXY,49,17,1,0,0,0,0,0,0,0,0,0,1,0,0,0,0,0,0
XVSN43MN,48,17,1,0,0,0,0,0,0,0,0,0,0,0,0,0,0,1,2
XW8BD6ME,49,17,1,1,0,0,0,0,0,0,0,0,0,0,0,0,0,0,0
XWAQ4GPK,52,17,1,0,0,0,0,0,0,0,0,1,0,0,0,0,0,0,1
XWKDW9XU,64,19,1,0,0,0,0,0,0,0,0,0,1,1,0,0,0,0,1
XYDORO4L,61,18,1,0,0,0,0,0,0,0,0,0,0,0,0,0,3,0,4
XZC7OJZ4,52,17,1,1,0,0,0,0,0,0,0,0,0,0,0,0,0,0,1
XZISWVZU,55,17,1,0,0,0,0,0,0,0,0,0,0,1,0,0,0,1,1
YIQ8SECK,49,17,1,0,0,1,0,0,0,0,0,0,0,0,0,0,0,0,1
Y1N3EMRE,50,17,1,0,0,0,1,0,0,0,0,0,0,0,0,0,0,0,0
Y4IA29ZM,49,17,1,0,0,0,0,0,0,0,0,0,1,0,0,0,0,0,0
Y6R3NG4Y,49,17,1,0,0,0,0,0,0,0,0,0,0,1,0,0,0,0,0
Y6XTXS6G,49,17,1,0,0,1,0,0,0,0,0,0,0,0,0,0,0,0,1
Y9VDXN1V,49,17,1,0,0,0,0,0,0,1,0,0,0,0,0,0,0,0,0
YC2VVHP2,59,17,1,0,1,0,0,0,0,0,0,0,1,0,0,0,0,0,1
YG87ZJ2U,58,17,1,1,0,0,0,0,0,0,0,0,0,0,0,0,0,1,2
YTZTQXRI,62,17,1,0,1,0,0,0,0,0,0,0,0,1,0,0,1,0,1
XMTCNTH2,48,17,1,0,0,0,0,0,0,0,0,0,0,0,0,1,0,0,2
YJIUVRWE,56,17,1,0,0,0,0,0,1,0,0,0,0,0,0,0,0,1,1
YVSX13UX,59,17,1,1,0,0,0,0,0,1,0,0,0,0,0,0,0,0,0
YJK66JAH,49,17,1,0,0,1,0,0,0,0,0,0,0,0,0,0,0,0,1
YMMJI9SR,52,17,1,0,0,1,0,0,0,0,0,0,0,0,0,0,0,1,1
YP34FHML,49,17,1,0,0,0,0,0,0,1,0,0,0,0,0,0,0,0,0
YPBTZ96S,49,17,1,0,0,0,0,0,0,0,0,1,0,0,0,0,0,0,0
Z1KK69VD,49,17,1,1,0,0,0,0,0,0,0,0,0,0,0,0,0,0,0
YR2J4WCE,48,17,1,0,0,0,0,0,0,0,0,0,0,0,0,1,0,0,2
YS1BHATU,55,17,1,1,0,0,0,0,0,0,0,0,0,0,0,1,0,0,1
YSK3W1S5,59,17,1,0,0,0,0,0,0,0,0,1,0,1,0,0,0,0,0
YT4P2FHV,62,17,1,0,1,0,0,0,0,0,0,0,1,0,1,0,0,0,1
YTA3QL1V,66,17,1,1,1,0,0,0,0,0,0,0,0,1,0,0,0,0,0
YTTB4VKC,52,17,1,0,1,0,0,0,0,0,0,0,0,0,0,0,0,0,2
YH53YK3T,57,17,1,0,1,0,0,0,1,0,0,0,0,0,0,0,0,0,0
YV8F3OXF,55,17,1,1,0,0,0,0,0,0,0,0,0,0,0,1,0,0,1
YXMWAZYB,50,17,1,0,0,0,1,0,0,0,0,0,0,0,0,0,0,0,0
YQKP5HI1,53,17,1,0,2,0,0,0,0,0,0,0,0,0,0,0,0,0,0
Z1MRS3DL,48,17,1,0,0,0,0,0,0,0,0,0,0,0,1,0,0,0,2
Z4YKVIC1,49,17,1,0,0,0,0,0,0,0,0,0,0,1,0,0,0,0,0
Z4YR2UXA,58,17,1,0,0,0,0,0,0,0,0,1,0,0,0,1,0,0,2
Z6ILBP25,52,17,1,0,0,1,0,0,0,0,0,0,0,0,0,0,0,1,1
Z6ZRW5NI,50,18,1,1,0,0,0,0,0,0,0,0,0,0,0,0,0,0,0
Z92EC2N1,56,17,1,0,1,0,0,0,0,0,1,0,0,0,0,0,0,0,0
ZAA4DFAQ,57,17,1,0,0,0,0,0,0,0,0,0,0,0,0,1,1,0,4
ZBJMCBDX,65,17,1,1,0,0,0,0,0,0,1,0,0,0,0,1,0,0,1
ZBP5GFI5,56,17,1,0,0,1,0,0,0,1,0,0,0,0,0,0,0,0,0
ZD7DNSR8,49,17,1,0,0,1,0,0,0,0,0,0,0,0,0,0,0,0,1
ZERH8J78,51,17,1,0,0,0,0,0,0,0,0,0,0,0,0,0,0,2,2
ZEY4P7VF,48,17,1,0,0,0,0,0,0,0,0,0,0,0,0,0,0,0,3
ZG8AEABK,67,18,1,1,0,0,0,1,0,0,0,0,0,0,0,0,1,0,1
ZGABMKAF,74,17,1,0,2,0,1,0,0,1,0,0,0,0,0,0,0,0,0
ZH3I5VDV,49,17,1,0,0,0,0,0,0,0,1,0,0,0,0,0,0,0,0
ZH74WPBR,55,17,1,0,1,0,0,0,0,0,0,0,0,0,0,1,0,0,2
ZK781DOT,55,17,1,0,0,0,0,0,0,0,0,0,1,0,1,0,0,0,1
ZLB1L7EL,59,18,0,1,0,0,0,0,0,0,1,0,0,0,0,0,1,2,4
ZLKC1WUL,50,17,1,0,0,0,1,0,0,0,0,0,0,0,0,0,0,0,0
ZLM6QGKN,53,18,1,0,0,1,0,0,0,0,0,0,0,0,0,1,0,0,1
ZMP67V8W,57,18,1,0,0,0,0,1,0,0,0,0,0,0,0,0,0,1,1
ZO535U2G,56,17,1,0,0,1,0,0,0,0,0,1,0,0,0,0,0,0,0
ZOEPEC2Q,50,17,1,0,0,0,0,1,0,0,0,0,0,0,0,0,0,0,0
ZOZ5FIIA,49,17,1,0,0,0,0,0,0,0,0,0,1,0,0,0,0,0,0
ZR5T4KPC,49,17,1,1,0,0,0,0,0,0,0,0,0,0,0,0,0,0,0
ZX64A93L,70,17,1,1,0,0,1,0,0,0,0,0,0,1,0,0,0,0,0
ZZ38QLX5,63,17,1,0,1,1,0,0,0,1,0,0,0,0,0,0,0,0,0